Price,Close,High,Low,Open,Volume
Ticker,005930.KS,005930.KS,005930.KS,005930.KS,005930.KS
Datetime,,,,,
2026-08-26 09:00:00+09:00,257000.0,257500.0,255500.0,256500.0,0
2026-08-26 09:01:00+09:00,259000.0,259000.0,257000.0,257000.0,192017
2026-08-26 09:02:00+09:00,259500.0,260500.0,258500.0,259000.0,174300
2026-08-26 09:03:00+09:00,258000.0,260000.0,257500.0,259500.0,120970
2026-08-26 09:04:00+09:00,259500.0,260000.0,258000.0,258500.0,99710
2026-08-26 09:05:00+09:00,258500.0,260000.0,258500.0,259250.0,98810
2026-08-26 09:06:00+09:00,259000.0,259500.0,258500.0,259000.0,86014
2026-08-26 09:07:00+09:00,259500.0,260000.0,258500.0,259000.0,73854
2026-08-26 09:08:00+09:00,260250.0,260500.0,259500.0,259500.0,61455
2026-08-26 09:09:00+09:00,260000.0,261000.0,260000.0,260250.0,102486
2026-08-26 09:10:00+09:00,260000.0,261000.0,259500.0,260000.0,81089
2026-08-26 09:11:00+09:00,260750.0,261000.0,260000.0,260250.0,71127
2026-08-26 09:12:00+09:00,260500.0,261000.0,260500.0,260750.0,21955
2026-08-26 09:13:00+09:00,260750.0,261000.0,260500.0,261000.0,33935
2026-08-26 09:14:00+09:00,260250.0,261000.0,260000.0,260750.0,109278
2026-08-26 09:15:00+09:00,262000.0,262500.0,260000.0,260250.0,196666
2026-08-26 09:16:00+09:00,262000.0,263000.0,262000.0,262000.0,106629
2026-08-26 09:17:00+09:00,262500.0,263000.0,262000.0,262000.0,61611
2026-08-26 09:18:00+09:00,263000.0,263500.0,262500.0,262500.0,100722
2026-08-26 09:19:00+09:00,262250.0,263500.0,262000.0,263250.0,78288
2026-08-26 09:20:00+09:00,262000.0,263000.0,262000.0,262250.0,86970
2026-08-26 09:21:00+09:00,262000.0,262500.0,261500.0,262000.0,86674
2026-08-26 09:22:00+09:00,261250.0,262250.0,261000.0,262250.0,54970
2026-08-26 09:23:00+09:00,261500.0,262000.0,261000.0,261500.0,36992
2026-08-26 09:24:00+09:00,260500.0,261500.0,260250.0,261500.0,74016
2026-08-26 09:25:00+09:00,259000.0,261000.0,259000.0,260500.0,96138
2026-08-26 09:26:00+09:00,260000.0,260000.0,259000.0,259500.0,22717
2026-08-26 09:27:00+09:00,259000.0,260000.0,259000.0,259750.0,50326
2026-08-26 09:28:00+09:00,259750.0,260000.0,258500.0,259500.0,68953
2026-08-26 09:29:00+09:00,259250.0,259750.0,259000.0,259500.0,25374
2026-08-26 09:30:00+09:00,260000.0,260000.0,259250.0,259250.0,34789
2026-08-26 09:31:00+09:00,259000.0,260000.0,258500.0,259750.0,71123
2026-08-26 09:32:00+09:00,259000.0,259500.0,258500.0,259000.0,45440
2026-08-26 09:33:00+09:00,259250.0,259500.0,258500.0,259000.0,80110
2026-08-26 09:34:00+09:00,259250.0,259750.0,259000.0,259250.0,33891
2026-08-26 09:35:00+09:00,259750.0,260000.0,258500.0,259000.0,49473
2026-08-26 09:36:00+09:00,258000.0,259750.0,258000.0,259500.0,95694
2026-08-26 09:37:00+09:00,258000.0,259000.0,257500.0,258000.0,125083
2026-08-26 09:38:00+09:00,258250.0,258500.0,258000.0,258000.0,23915
2026-08-26 09:39:00+09:00,257500.0,259000.0,257500.0,258250.0,51697
2026-08-26 09:40:00+09:00,258000.0,258500.0,257000.0,257500.0,86408
2026-08-26 09:41:00+09:00,258000.0,258500.0,257500.0,258000.0,45121
2026-08-26 09:42:00+09:00,258500.0,258500.0,258000.0,258000.0,11400
2026-08-26 09:43:00+09:00,258750.0,258750.0,258000.0,258000.0,24975
2026-08-26 09:44:00+09:00,258000.0,259000.0,257500.0,258750.0,69594
2026-08-26 09:45:00+09:00,257750.0,258250.0,257500.0,258000.0,31219
2026-08-26 09:46:00+09:00,258250.0,258500.0,257500.0,258000.0,32325
2026-08-26 09:47:00+09:00,258750.0,259000.0,258000.0,258000.0,20751
2026-08-26 09:48:00+09:00,258750.0,259000.0,258500.0,258750.0,14531
2026-08-26 09:49:00+09:00,258000.0,259000.0,258000.0,258750.0,61350
2026-08-26 09:50:00+09:00,258000.0,258500.0,257500.0,258000.0,37212
2026-08-26 09:51:00+09:00,257750.0,258500.0,257500.0,258000.0,51546
2026-08-26 09:52:00+09:00,256500.0,257750.0,256500.0,257750.0,71217
2026-08-26 09:53:00+09:00,256750.0,257000.0,256500.0,256750.0,28683
2026-08-26 09:54:00+09:00,256500.0,257000.0,256000.0,256500.0,85628
2026-08-26 09:55:00+09:00,256500.0,256500.0,256000.0,256000.0,28807
2026-08-26 09:56:00+09:00,257000.0,257500.0,256000.0,256250.0,84700
2026-08-26 09:57:00+09:00,257250.0,257500.0,257000.0,257000.0,8135
2026-08-26 09:58:00+09:00,257250.0,257500.0,257000.0,257000.0,19411
2026-08-26 09:59:00+09:00,255750.0,257500.0,255500.0,257250.0,135496
2026-08-26 10:00:00+09:00,257000.0,257500.0,255500.0,255750.0,199361
2026-08-26 10:01:00+09:00,257000.0,257500.0,256500.0,257000.0,42772
2026-08-26 10:02:00+09:00,257500.0,257500.0,257000.0,257000.0,24785
2026-08-26 10:03:00+09:00,257500.0,258000.0,257000.0,257500.0,56006
2026-08-26 10:04:00+09:00,258000.0,258500.0,257500.0,257500.0,41207
2026-08-26 10:05:00+09:00,258000.0,258000.0,257500.0,257500.0,36436
2026-08-26 10:06:00+09:00,257750.0,258500.0,257500.0,258000.0,25911
2026-08-26 10:07:00+09:00,257500.0,258000.0,257500.0,257500.0,23279
2026-08-26 10:08:00+09:00,257000.0,258000.0,257000.0,258000.0,44084
2026-08-26 10:09:00+09:00,257500.0,258000.0,257000.0,257500.0,45191
2026-08-26 10:10:00+09:00,258250.0,258500.0,257500.0,257500.0,29902
2026-08-26 10:11:00+09:00,258500.0,258500.0,258000.0,258250.0,11842
2026-08-26 10:12:00+09:00,258250.0,258500.0,257500.0,258250.0,37916
2026-08-26 10:13:00+09:00,258500.0,258500.0,258000.0,258250.0,10319
2026-08-26 10:14:00+09:00,258000.0,258500.0,257500.0,258500.0,36248
2026-08-26 10:15:00+09:00,258250.0,258500.0,257500.0,258000.0,43707
2026-08-26 10:16:00+09:00,258750.0,259500.0,258000.0,258500.0,53491
2026-08-26 10:17:00+09:00,259000.0,259500.0,258500.0,259000.0,47074
2026-08-26 10:18:00+09:00,258500.0,259000.0,258500.0,258750.0,13180
2026-08-26 10:19:00+09:00,259000.0,259000.0,258500.0,258500.0,18190
2026-08-26 10:20:00+09:00,259250.0,259500.0,258500.0,258750.0,23696
2026-08-26 10:21:00+09:00,259000.0,259500.0,258500.0,259250.0,39471
2026-08-26 10:22:00+09:00,258500.0,259000.0,258500.0,258750.0,6668
2026-08-26 10:23:00+09:00,258500.0,258750.0,258000.0,258500.0,41968
2026-08-26 10:24:00+09:00,257500.0,258500.0,257500.0,258500.0,43028
2026-08-26 10:25:00+09:00,256750.0,258000.0,256500.0,257500.0,56396
2026-08-26 10:26:00+09:00,256750.0,257000.0,256500.0,256750.0,10931
2026-08-26 10:27:00+09:00,257000.0,257500.0,256500.0,256750.0,53950
2026-08-26 10:28:00+09:00,257250.0,257500.0,256750.0,256750.0,37777
2026-08-26 10:29:00+09:00,257250.0,258000.0,257000.0,257250.0,41171
2026-08-26 10:30:00+09:00,256750.0,257500.0,256500.0,257500.0,26284
2026-08-26 10:31:00+09:00,256750.0,257000.0,256500.0,256500.0,41397
2026-08-26 10:32:00+09:00,258000.0,258500.0,256750.0,256750.0,63585
2026-08-26 10:33:00+09:00,257500.0,258500.0,257000.0,257750.0,62493
2026-08-26 10:34:00+09:00,257000.0,257500.0,256500.0,257250.0,21667
2026-08-26 10:35:00+09:00,258000.0,258000.0,256500.0,257000.0,53645
2026-08-26 10:36:00+09:00,258000.0,258500.0,257000.0,257500.0,51145
2026-08-26 10:37:00+09:00,258000.0,258500.0,258000.0,258000.0,9959
2026-08-26 10:38:00+09:00,258500.0,258500.0,258000.0,258000.0,8105
2026-08-26 10:39:00+09:00,258500.0,258500.0,258000.0,258000.0,7411
2026-08-26 10:40:00+09:00,257750.0,258500.0,257000.0,258000.0,44279
2026-08-26 10:41:00+09:00,257250.0,257750.0,257000.0,257500.0,8979
2026-08-26 10:42:00+09:00,257500.0,257500.0,257000.0,257250.0,6840
2026-08-26 10:43:00+09:00,257250.0,257500.0,257000.0,257250.0,10512
2026-08-26 10:44:00+09:00,257500.0,257500.0,257000.0,257250.0,9121
2026-08-26 10:45:00+09:00,257250.0,257500.0,257250.0,257250.0,8878
2026-08-26 10:46:00+09:00,256500.0,257500.0,256000.0,257250.0,75609
2026-08-26 10:47:00+09:00,256500.0,257000.0,256250.0,256250.0,36886
2026-08-26 10:48:00+09:00,257000.0,257000.0,256500.0,257000.0,10882
2026-08-26 10:49:00+09:00,256500.0,257500.0,256500.0,257000.0,54065
2026-08-26 10:50:00+09:00,257000.0,257500.0,256000.0,256500.0,50413
2026-08-26 10:51:00+09:00,257500.0,257500.0,256500.0,257000.0,26598
2026-08-26 10:52:00+09:00,257500.0,258000.0,257000.0,257250.0,34473
2026-08-26 10:53:00+09:00,257500.0,258000.0,257500.0,257500.0,12147
2026-08-26 10:54:00+09:00,258000.0,258500.0,257500.0,257500.0,31918
2026-08-26 10:55:00+09:00,258250.0,259000.0,258000.0,258000.0,59246
2026-08-26 10:56:00+09:00,258500.0,258500.0,258000.0,258250.0,20924
2026-08-26 10:57:00+09:00,258250.0,258500.0,258000.0,258250.0,8322
2026-08-26 10:58:00+09:00,258500.0,259000.0,258000.0,258500.0,42729
2026-08-26 10:59:00+09:00,258500.0,258500.0,258000.0,258250.0,9564
2026-08-26 11:00:00+09:00,258000.0,258500.0,258000.0,258500.0,27802
2026-08-26 11:01:00+09:00,258250.0,258500.0,258000.0,258000.0,14062
2026-08-26 11:02:00+09:00,257500.0,258500.0,257500.0,258250.0,58817
2026-08-26 11:03:00+09:00,258000.0,258500.0,257500.0,257500.0,32131
2026-08-26 11:04:00+09:00,257750.0,258000.0,257500.0,257500.0,10409
2026-08-26 11:05:00+09:00,258000.0,258000.0,257500.0,257500.0,7415
2026-08-26 11:06:00+09:00,257500.0,258000.0,257500.0,257500.0,17444
2026-08-26 11:07:00+09:00,257500.0,258500.0,257500.0,257500.0,25555
2026-08-26 11:08:00+09:00,258000.0,258500.0,257500.0,257500.0,34355
2026-08-26 11:09:00+09:00,257750.0,258500.0,257500.0,258000.0,15222
2026-08-26 11:10:00+09:00,258750.0,259000.0,258000.0,258000.0,45010
2026-08-26 11:11:00+09:00,259000.0,259500.0,258750.0,258750.0,51455
2026-08-26 11:12:00+09:00,259000.0,259250.0,258500.0,259000.0,50584
2026-08-26 11:13:00+09:00,259000.0,259500.0,258750.0,258750.0,20650
2026-08-26 11:14:00+09:00,259000.0,259250.0,259000.0,259000.0,5906
2026-08-26 11:15:00+09:00,259000.0,259250.0,259000.0,259000.0,5557
2026-08-26 11:16:00+09:00,259750.0,260000.0,259000.0,259000.0,76109
2026-08-26 11:17:00+09:00,259500.0,260000.0,259500.0,259500.0,7127
2026-08-26 11:18:00+09:00,260000.0,260000.0,259500.0,259500.0,10004
2026-08-26 11:19:00+09:00,259500.0,260000.0,259500.0,259750.0,35359
2026-08-26 11:20:00+09:00,259500.0,260000.0,259500.0,259500.0,41046
2026-08-26 11:21:00+09:00,259500.0,260000.0,259000.0,259500.0,38757
2026-08-26 11:22:00+09:00,260000.0,260000.0,259500.0,259500.0,17367
2026-08-26 11:23:00+09:00,260250.0,260500.0,259750.0,260000.0,59712
2026-08-26 11:24:00+09:00,260000.0,260500.0,260000.0,260500.0,15118
2026-08-26 11:25:00+09:00,260750.0,261000.0,260000.0,260000.0,66752
2026-08-26 11:26:00+09:00,260500.0,261000.0,260000.0,260750.0,33220
2026-08-26 11:27:00+09:00,261000.0,261000.0,260500.0,260750.0,15760
2026-08-26 11:28:00+09:00,261000.0,261000.0,260500.0,261000.0,36292
2026-08-26 11:29:00+09:00,261500.0,261500.0,260750.0,261000.0,74401
2026-08-26 11:30:00+09:00,261500.0,262000.0,261000.0,261250.0,75370
2026-08-26 11:31:00+09:00,261750.0,262000.0,261000.0,261500.0,57752
2026-08-26 11:32:00+09:00,261500.0,262000.0,261500.0,262000.0,54681
2026-08-26 11:33:00+09:00,261000.0,262000.0,261000.0,261750.0,54322
2026-08-26 11:34:00+09:00,261500.0,262000.0,261000.0,261000.0,58355
2026-08-26 11:35:00+09:00,261500.0,262000.0,261500.0,261500.0,6638
2026-08-26 11:36:00+09:00,261750.0,262000.0,261500.0,261500.0,48002
2026-08-26 11:37:00+09:00,262750.0,263000.0,261750.0,261750.0,174781
2026-08-26 11:38:00+09:00,263000.0,263500.0,262500.0,262500.0,145611
2026-08-26 11:39:00+09:00,262750.0,263000.0,262500.0,262500.0,32568
2026-08-26 11:40:00+09:00,263250.0,263500.0,262750.0,262750.0,99302
2026-08-26 11:41:00+09:00,263500.0,264000.0,263000.0,263250.0,99059
2026-08-26 11:42:00+09:00,263250.0,263750.0,263000.0,263500.0,30858
2026-08-26 11:43:00+09:00,263500.0,264000.0,263000.0,263250.0,78774
2026-08-26 11:44:00+09:00,263500.0,264000.0,263500.0,263500.0,20841
2026-08-26 11:45:00+09:00,264000.0,264500.0,263500.0,264000.0,151395
2026-08-26 11:46:00+09:00,264250.0,264500.0,264000.0,264000.0,31301
2026-08-26 11:47:00+09:00,264000.0,264500.0,263500.0,264000.0,80591
2026-08-26 11:48:00+09:00,263750.0,264500.0,263500.0,264000.0,82117
2026-08-26 11:49:00+09:00,263000.0,264000.0,263000.0,263750.0,71289
2026-08-26 11:50:00+09:00,263500.0,264000.0,263000.0,263000.0,52872
2026-08-26 11:51:00+09:00,263500.0,264000.0,263500.0,263500.0,11839
2026-08-26 11:52:00+09:00,263500.0,264000.0,263500.0,264000.0,21022
2026-08-26 11:53:00+09:00,263000.0,263750.0,263000.0,263500.0,31486
2026-08-26 11:54:00+09:00,263250.0,263500.0,263000.0,263000.0,32842
2026-08-26 11:55:00+09:00,263000.0,263500.0,263000.0,263250.0,17037
2026-08-26 11:56:00+09:00,263000.0,263500.0,263000.0,263000.0,7410
2026-08-26 11:57:00+09:00,263000.0,263500.0,263000.0,263500.0,14678
2026-08-26 11:58:00+09:00,263500.0,264000.0,263000.0,263000.0,113068
2026-08-26 11:59:00+09:00,263500.0,264000.0,263000.0,263500.0,52606
2026-08-26 12:00:00+09:00,263250.0,263500.0,263000.0,263500.0,16376
2026-08-26 12:01:00+09:00,263000.0,263500.0,263000.0,263000.0,22408
2026-08-26 12:02:00+09:00,263000.0,263500.0,263000.0,263000.0,39419
2026-08-26 12:03:00+09:00,263000.0,263500.0,263000.0,263250.0,35899
2026-08-26 12:04:00+09:00,263250.0,263500.0,262500.0,263000.0,53273
2026-08-26 12:05:00+09:00,263500.0,264000.0,263000.0,263250.0,68863
2026-08-26 12:06:00+09:00,264000.0,264500.0,263500.0,263500.0,64923
2026-08-26 12:07:00+09:00,263500.0,264500.0,263500.0,264000.0,51881
2026-08-26 12:08:00+09:00,264000.0,264500.0,263500.0,263500.0,37536
2026-08-26 12:09:00+09:00,263750.0,264500.0,263500.0,264000.0,61905
2026-08-26 12:10:00+09:00,263500.0,264000.0,263000.0,264000.0,45461
2026-08-26 12:11:00+09:00,263500.0,264000.0,263500.0,263500.0,20175
2026-08-26 12:12:00+09:00,263000.0,263750.0,263000.0,263750.0,27009
2026-08-26 12:13:00+09:00,263250.0,263500.0,263000.0,263000.0,27552
2026-08-26 12:14:00+09:00,263500.0,264000.0,263000.0,263250.0,27752
2026-08-26 12:15:00+09:00,263750.0,264000.0,263500.0,263750.0,11018
2026-08-26 12:16:00+09:00,263750.0,264000.0,263500.0,263500.0,10431
2026-08-26 12:17:00+09:00,263500.0,264000.0,263500.0,263750.0,12541
2026-08-26 12:18:00+09:00,264500.0,265000.0,263500.0,263500.0,185076
2026-08-26 12:19:00+09:00,264500.0,265000.0,264500.0,264500.0,17411
2026-08-26 12:20:00+09:00,264500.0,265000.0,264500.0,264500.0,28732
2026-08-26 12:21:00+09:00,264500.0,265000.0,264000.0,264750.0,102699
2026-08-26 12:22:00+09:00,264500.0,265000.0,264000.0,264500.0,80608
2026-08-26 12:23:00+09:00,264250.0,264500.0,264000.0,264000.0,17266
2026-08-26 12:24:00+09:00,264000.0,264250.0,264000.0,264000.0,7296
2026-08-26 12:25:00+09:00,264000.0,264250.0,264000.0,264000.0,10050
2026-08-26 12:26:00+09:00,263500.0,264500.0,263500.0,264000.0,120056
2026-08-26 12:27:00+09:00,263750.0,264500.0,263500.0,264000.0,63999
2026-08-26 12:28:00+09:00,263500.0,264000.0,263500.0,263750.0,14115
2026-08-26 12:29:00+09:00,263500.0,264000.0,263500.0,263500.0,12675
2026-08-26 12:30:00+09:00,263750.0,264000.0,263000.0,263500.0,87845
2026-08-26 12:31:00+09:00,263500.0,264000.0,263500.0,264000.0,18455
2026-08-26 12:32:00+09:00,263750.0,264000.0,263500.0,263500.0,16876
2026-08-26 12:33:00+09:00,263500.0,264000.0,263500.0,264000.0,7619
2026-08-26 12:34:00+09:00,263500.0,264000.0,263500.0,263750.0,8363
2026-08-26 12:35:00+09:00,263750.0,264000.0,263500.0,263750.0,22472
2026-08-26 12:36:00+09:00,264250.0,264500.0,263500.0,263750.0,65145
2026-08-26 12:37:00+09:00,264500.0,265000.0,264000.0,264250.0,58603
2026-08-26 12:38:00+09:00,264250.0,264500.0,264000.0,264250.0,4654
2026-08-26 12:39:00+09:00,264500.0,265000.0,264000.0,264250.0,71139
2026-08-26 12:40:00+09:00,264500.0,265000.0,264000.0,264500.0,63704
2026-08-26 12:41:00+09:00,264500.0,265000.0,264500.0,264500.0,45515
2026-08-26 12:42:00+09:00,264000.0,264750.0,264000.0,264500.0,44396
2026-08-26 12:43:00+09:00,264000.0,264500.0,264000.0,264500.0,27942
2026-08-26 12:44:00+09:00,264000.0,264500.0,263500.0,264000.0,43671
2026-08-26 12:45:00+09:00,264000.0,264500.0,264000.0,264000.0,20527
2026-08-26 12:46:00+09:00,265000.0,266000.0,264000.0,264000.0,362823
2026-08-26 12:47:00+09:00,265000.0,266000.0,265000.0,265000.0,39900
2026-08-26 12:48:00+09:00,265000.0,265500.0,265000.0,265000.0,21200
2026-08-26 12:49:00+09:00,265000.0,265500.0,264500.0,265000.0,83572
2026-08-26 12:50:00+09:00,265250.0,265500.0,265000.0,265000.0,17965
2026-08-26 12:51:00+09:00,265000.0,265500.0,265000.0,265250.0,5989
2026-08-26 12:52:00+09:00,265250.0,265500.0,265000.0,265000.0,11850
2026-08-26 12:53:00+09:00,265250.0,265500.0,265000.0,265250.0,9528
2026-08-26 12:54:00+09:00,265250.0,265500.0,265000.0,265250.0,18512
2026-08-26 12:55:00+09:00,265500.0,265500.0,265000.0,265500.0,48994
2026-08-26 12:56:00+09:00,265500.0,266000.0,265000.0,265500.0,96999
2026-08-26 12:57:00+09:00,265500.0,266000.0,265000.0,265000.0,57004
2026-08-26 12:58:00+09:00,265750.0,266000.0,265500.0,265500.0,48773
2026-08-26 12:59:00+09:00,265500.0,266500.0,265500.0,265750.0,101892
2026-08-26 13:00:00+09:00,265750.0,266000.0,265500.0,265500.0,20351
2026-08-26 13:01:00+09:00,265000.0,266000.0,265000.0,265500.0,58623
2026-08-26 13:02:00+09:00,265000.0,265500.0,265000.0,265000.0,26578
2026-08-26 13:03:00+09:00,265500.0,265500.0,264750.0,265250.0,87460
2026-08-26 13:04:00+09:00,265000.0,266000.0,265000.0,265000.0,132243
2026-08-26 13:05:00+09:00,265000.0,265500.0,265000.0,265000.0,14374
2026-08-26 13:06:00+09:00,264500.0,265500.0,264000.0,265000.0,94186
2026-08-26 13:07:00+09:00,264500.0,265000.0,264000.0,264500.0,116020
2026-08-26 13:08:00+09:00,264000.0,265000.0,264000.0,264500.0,55886
2026-08-26 13:09:00+09:00,264500.0,265000.0,264000.0,264000.0,43187
2026-08-26 13:10:00+09:00,265000.0,265500.0,264500.0,264500.0,48610
2026-08-26 13:11:00+09:00,265000.0,265500.0,264500.0,265000.0,25253
2026-08-26 13:12:00+09:00,264750.0,265000.0,264500.0,264500.0,4927
2026-08-26 13:13:00+09:00,264250.0,264750.0,264000.0,264500.0,34095
2026-08-26 13:14:00+09:00,264500.0,265000.0,264250.0,264250.0,52695
2026-08-26 13:15:00+09:00,264500.0,265000.0,264500.0,264500.0,9312
2026-08-26 13:16:00+09:00,265000.0,265000.0,264500.0,264500.0,10697
2026-08-26 13:17:00+09:00,264750.0,265000.0,264500.0,265000.0,37961
2026-08-26 13:18:00+09:00,264750.0,265000.0,264500.0,265000.0,12190
2026-08-26 13:19:00+09:00,264500.0,265000.0,264500.0,264750.0,22534
2026-08-26 13:20:00+09:00,264500.0,265000.0,264500.0,264500.0,36932
2026-08-26 13:21:00+09:00,264500.0,264750.0,264500.0,264750.0,20961
2026-08-26 13:22:00+09:00,264250.0,264750.0,264000.0,264500.0,65460
2026-08-26 13:23:00+09:00,264250.0,264500.0,264000.0,264000.0,51417
2026-08-26 13:24:00+09:00,264500.0,264500.0,264000.0,264250.0,13111
2026-08-26 13:25:00+09:00,265250.0,265500.0,264000.0,264250.0,82454
2026-08-26 13:26:00+09:00,265000.0,265500.0,264500.0,265000.0,81959
2026-08-26 13:27:00+09:00,265000.0,265500.0,264500.0,265500.0,67401
2026-08-26 13:28:00+09:00,265000.0,265500.0,264500.0,264500.0,29172
2026-08-26 13:29:00+09:00,265000.0,265500.0,264500.0,265000.0,31958
2026-08-26 13:30:00+09:00,265000.0,265500.0,264500.0,264500.0,27091
2026-08-26 13:31:00+09:00,265250.0,265500.0,265000.0,265000.0,19961
2026-08-26 13:32:00+09:00,265000.0,265250.0,265000.0,265000.0,9490
2026-08-26 13:33:00+09:00,265000.0,265250.0,264500.0,265250.0,36272
2026-08-26 13:34:00+09:00,264500.0,265250.0,264500.0,264750.0,21447
2026-08-26 13:35:00+09:00,264750.0,265000.0,264500.0,264500.0,14920
2026-08-26 13:36:00+09:00,264750.0,265000.0,264500.0,264750.0,9189
2026-08-26 13:37:00+09:00,264000.0,265000.0,264000.0,264750.0,54588
2026-08-26 13:38:00+09:00,264000.0,264500.0,264000.0,264000.0,10228
2026-08-26 13:39:00+09:00,264000.0,264500.0,263500.0,264250.0,84176
2026-08-26 13:40:00+09:00,264750.0,265000.0,263500.0,264000.0,94979
2026-08-26 13:41:00+09:00,264750.0,265500.0,264500.0,264750.0,42718
2026-08-26 13:42:00+09:00,264500.0,265000.0,264000.0,264500.0,63089
2026-08-26 13:43:00+09:00,264750.0,265000.0,264500.0,264500.0,10259
2026-08-26 13:44:00+09:00,264750.0,265000.0,264500.0,264750.0,5849
2026-08-26 13:45:00+09:00,264500.0,264750.0,264500.0,264750.0,16607
2026-08-26 13:46:00+09:00,264500.0,265000.0,264000.0,264750.0,105659
2026-08-26 13:47:00+09:00,264250.0,265000.0,264000.0,264500.0,84958
2026-08-26 13:48:00+09:00,264500.0,265000.0,264000.0,264250.0,55965
2026-08-26 13:49:00+09:00,264500.0,265000.0,264500.0,265000.0,16058
2026-08-26 13:50:00+09:00,264750.0,265000.0,264500.0,264500.0,8734
2026-08-26 13:51:00+09:00,265000.0,265500.0,264750.0,264750.0,92989
2026-08-26 13:52:00+09:00,264500.0,265250.0,264500.0,265000.0,81494
2026-08-26 13:53:00+09:00,264500.0,264750.0,264500.0,264500.0,44064
2026-08-26 13:54:00+09:00,264500.0,264750.0,264500.0,264500.0,24010
2026-08-26 13:55:00+09:00,264750.0,265000.0,264500.0,264500.0,35125
2026-08-26 13:56:00+09:00,264500.0,265000.0,264500.0,264750.0,8417
2026-08-26 13:57:00+09:00,264250.0,265000.0,264000.0,264750.0,74034
2026-08-26 13:58:00+09:00,263500.0,264250.0,263500.0,264000.0,61774
2026-08-26 13:59:00+09:00,263750.0,264000.0,263500.0,263500.0,6666
2026-08-26 14:00:00+09:00,264000.0,264500.0,263500.0,263500.0,42973
2026-08-26 14:01:00+09:00,264500.0,264500.0,264000.0,264000.0,6356
2026-08-26 14:02:00+09:00,264000.0,264500.0,264000.0,264250.0,38909
2026-08-26 14:03:00+09:00,263750.0,264500.0,263500.0,264000.0,27649
2026-08-26 14:04:00+09:00,263500.0,264500.0,263500.0,264000.0,22070
2026-08-26 14:05:00+09:00,263500.0,264000.0,263500.0,263500.0,28094
2026-08-26 14:06:00+09:00,263500.0,264000.0,263500.0,263500.0,40216
2026-08-26 14:07:00+09:00,263500.0,264000.0,263000.0,263500.0,19631
2026-08-26 14:08:00+09:00,263000.0,264000.0,263000.0,263500.0,44677
2026-08-26 14:09:00+09:00,263750.0,264000.0,263000.0,263000.0,38000
2026-08-26 14:10:00+09:00,263750.0,264000.0,263500.0,264000.0,12450
2026-08-26 14:11:00+09:00,263000.0,264000.0,263000.0,263500.0,42083
2026-08-26 14:12:00+09:00,262500.0,263500.0,262500.0,263000.0,63836
2026-08-26 14:13:00+09:00,262500.0,263000.0,262500.0,262500.0,12224
2026-08-26 14:14:00+09:00,262750.0,263000.0,262000.0,262500.0,98019
2026-08-26 14:15:00+09:00,262500.0,263000.0,262500.0,262750.0,32186
2026-08-26 14:16:00+09:00,262500.0,263000.0,262000.0,262500.0,70022
2026-08-26 14:17:00+09:00,262000.0,263000.0,262000.0,262500.0,20534
2026-08-26 14:18:00+09:00,262000.0,263000.0,262000.0,262000.0,103514
2026-08-26 14:19:00+09:00,261500.0,262500.0,261500.0,262500.0,47438
2026-08-26 14:20:00+09:00,261000.0,261750.0,261000.0,261500.0,49162
2026-08-26 14:21:00+09:00,261500.0,262000.0,261000.0,261000.0,80291
2026-08-26 14:22:00+09:00,261750.0,262000.0,261250.0,261250.0,15179
2026-08-26 14:23:00+09:00,261750.0,262500.0,261000.0,261750.0,64143
2026-08-26 14:24:00+09:00,261500.0,262000.0,261500.0,261750.0,6809
2026-08-26 14:25:00+09:00,261250.0,261750.0,261000.0,261750.0,35917
2026-08-26 14:26:00+09:00,261000.0,261500.0,260500.0,261000.0,71282
2026-08-26 14:27:00+09:00,261500.0,262000.0,261000.0,261500.0,22922
2026-08-26 14:28:00+09:00,262500.0,263000.0,261500.0,261500.0,64245
2026-08-26 14:29:00+09:00,262000.0,262500.0,262000.0,262000.0,16390
2026-08-26 14:30:00+09:00,262750.0,263000.0,262000.0,262500.0,55597
2026-08-26 14:31:00+09:00,262500.0,263000.0,262500.0,263000.0,24483
2026-08-26 14:32:00+09:00,262750.0,263500.0,262500.0,262500.0,62154
2026-08-26 14:33:00+09:00,262750.0,263000.0,262500.0,262750.0,17041
2026-08-26 14:34:00+09:00,262750.0,263000.0,262500.0,262750.0,30495
2026-08-26 14:35:00+09:00,262750.0,263000.0,262500.0,262750.0,17710
2026-08-26 14:36:00+09:00,262500.0,263000.0,262500.0,262500.0,16089
2026-08-26 14:37:00+09:00,263000.0,263500.0,262500.0,262500.0,70516
2026-08-26 14:38:00+09:00,263250.0,263500.0,262500.0,263000.0,38117
2026-08-26 14:39:00+09:00,263000.0,263500.0,263000.0,263250.0,15563
2026-08-26 14:40:00+09:00,263250.0,263500.0,263000.0,263500.0,25119
2026-08-26 14:41:00+09:00,263750.0,263750.0,263000.0,263250.0,63655
2026-08-26 14:42:00+09:00,263500.0,263750.0,263000.0,263500.0,35899
2026-08-26 14:43:00+09:00,263500.0,264000.0,263000.0,263250.0,36009
2026-08-26 14:44:00+09:00,263500.0,264000.0,263500.0,263500.0,22262
2026-08-26 14:45:00+09:00,263500.0,263750.0,263500.0,263750.0,17168
2026-08-26 14:46:00+09:00,263750.0,263750.0,263500.0,263500.0,16660
2026-08-26 14:47:00+09:00,263750.0,263750.0,263500.0,263500.0,25653
2026-08-26 14:48:00+09:00,263500.0,264500.0,263500.0,263500.0,82465
2026-08-26 14:49:00+09:00,263000.0,263750.0,263000.0,263500.0,47535
2026-08-26 14:50:00+09:00,263500.0,263500.0,263000.0,263000.0,37941
2026-08-26 14:51:00+09:00,263500.0,263500.0,263000.0,263250.0,21342
2026-08-26 14:52:00+09:00,262500.0,263500.0,262500.0,263500.0,42497
2026-08-26 14:53:00+09:00,262500.0,263000.0,262000.0,262500.0,36424
2026-08-26 14:54:00+09:00,262500.0,262500.0,262000.0,262000.0,16826
2026-08-26 14:55:00+09:00,262500.0,263000.0,262000.0,262000.0,43134
2026-08-26 14:56:00+09:00,263000.0,263000.0,262500.0,262500.0,13906
2026-08-26 14:57:00+09:00,262750.0,263500.0,262500.0,262750.0,32837
2026-08-26 14:58:00+09:00,263000.0,263000.0,262500.0,262750.0,21267
2026-08-26 14:59:00+09:00,263000.0,263000.0,262500.0,262500.0,26303
2026-08-27 09:00:00+09:00,269000.0,270000.0,268500.0,270000.0,628413
2026-08-27 09:01:00+09:00,269000.0,270500.0,268500.0,269000.0,177210
2026-08-27 09:02:00+09:00,269000.0,270500.0,269000.0,269000.0,94598
2026-08-27 09:03:00+09:00,270000.0,270500.0,269000.0,269000.0,102801
2026-08-27 09:04:00+09:00,270500.0,270500.0,269500.0,270000.0,149478
2026-08-27 09:05:00+09:00,269750.0,270500.0,269000.0,270000.0,115740
2026-08-27 09:06:00+09:00,269500.0,270500.0,269500.0,269750.0,69497
2026-08-27 09:07:00+09:00,270000.0,270500.0,269500.0,269500.0,123578
2026-08-27 09:08:00+09:00,270500.0,271000.0,270000.0,270000.0,144603
2026-08-27 09:09:00+09:00,270500.0,271000.0,270500.0,270500.0,151107
2026-08-27 09:10:00+09:00,270000.0,270750.0,269500.0,270500.0,126114
2026-08-27 09:11:00+09:00,269500.0,270500.0,269500.0,269500.0,37033
2026-08-27 09:12:00+09:00,269500.0,270000.0,269500.0,269500.0,49229
2026-08-27 09:13:00+09:00,269000.0,270000.0,269000.0,269500.0,104919
2026-08-27 09:14:00+09:00,269000.0,270000.0,268500.0,269000.0,231312
2026-08-27 09:15:00+09:00,269000.0,270000.0,268500.0,269000.0,47897
2026-08-27 09:16:00+09:00,269500.0,270000.0,268500.0,269000.0,61241
2026-08-27 09:17:00+09:00,268750.0,269750.0,268500.0,269500.0,67215
2026-08-27 09:18:00+09:00,268000.0,269000.0,268000.0,268500.0,68973
2026-08-27 09:19:00+09:00,268500.0,269000.0,268000.0,268500.0,88471
2026-08-27 09:20:00+09:00,269000.0,269500.0,268500.0,268750.0,41033
2026-08-27 09:21:00+09:00,268500.0,269000.0,268500.0,269000.0,17095
2026-08-27 09:22:00+09:00,268250.0,269000.0,268000.0,269000.0,54902
2026-08-27 09:23:00+09:00,268250.0,268500.0,268000.0,268500.0,39088
2026-08-27 09:24:00+09:00,269500.0,269500.0,268000.0,268250.0,91197
2026-08-27 09:25:00+09:00,268500.0,269500.0,268500.0,269000.0,59713
2026-08-27 09:26:00+09:00,268500.0,269000.0,268000.0,269000.0,99975
2026-08-27 09:27:00+09:00,268750.0,269000.0,268500.0,268500.0,9378
2026-08-27 09:28:00+09:00,268500.0,269000.0,268500.0,268500.0,19849
2026-08-27 09:29:00+09:00,268500.0,269000.0,268500.0,268500.0,27645
2026-08-27 09:30:00+09:00,267500.0,269000.0,267500.0,268500.0,133848
2026-08-27 09:31:00+09:00,267750.0,268000.0,267500.0,267500.0,20027
2026-08-27 09:32:00+09:00,267500.0,267750.0,267000.0,267500.0,73675
2026-08-27 09:33:00+09:00,267250.0,267500.0,267000.0,267500.0,34350
2026-08-27 09:34:00+09:00,266750.0,267500.0,266500.0,267250.0,103854
2026-08-27 09:35:00+09:00,267000.0,267000.0,266000.0,266750.0,118235
2026-08-27 09:36:00+09:00,266500.0,267500.0,266500.0,266500.0,70775
2026-08-27 09:37:00+09:00,266000.0,266750.0,265500.0,266500.0,78763
2026-08-27 09:38:00+09:00,265500.0,266000.0,265500.0,265500.0,43828
2026-08-27 09:39:00+09:00,266250.0,266500.0,265500.0,265500.0,91524
2026-08-27 09:40:00+09:00,266000.0,267000.0,265500.0,266500.0,95431
2026-08-27 09:41:00+09:00,266000.0,266250.0,265500.0,265500.0,25238
2026-08-27 09:42:00+09:00,265500.0,266250.0,265500.0,266250.0,22164
2026-08-27 09:43:00+09:00,265750.0,266000.0,265500.0,265750.0,23660
2026-08-27 09:44:00+09:00,265750.0,266000.0,265500.0,266000.0,42586
2026-08-27 09:45:00+09:00,265000.0,266000.0,265000.0,265750.0,48700
2026-08-27 09:46:00+09:00,264500.0,265250.0,264500.0,265000.0,104434
2026-08-27 09:47:00+09:00,265000.0,265500.0,264500.0,265000.0,191487
2026-08-27 09:48:00+09:00,264500.0,265000.0,264000.0,265000.0,44466
2026-08-27 09:49:00+09:00,265500.0,265500.0,264500.0,264500.0,84554
2026-08-27 09:50:00+09:00,265000.0,265500.0,264000.0,265000.0,199848
2026-08-27 09:51:00+09:00,264500.0,265000.0,264000.0,265000.0,66959
2026-08-27 09:52:00+09:00,263500.0,265000.0,263500.0,264500.0,68308
2026-08-27 09:53:00+09:00,263500.0,264000.0,262500.0,263750.0,106492
2026-08-27 09:54:00+09:00,263000.0,263500.0,262500.0,263000.0,72682
2026-08-27 09:55:00+09:00,263500.0,264000.0,263000.0,263000.0,38701
2026-08-27 09:56:00+09:00,263000.0,264000.0,262500.0,263500.0,81893
2026-08-27 09:57:00+09:00,264000.0,264000.0,262750.0,262750.0,44098
2026-08-27 09:58:00+09:00,263750.0,264000.0,263500.0,263750.0,25661
2026-08-27 09:59:00+09:00,263750.0,264000.0,263500.0,263750.0,14041
2026-08-27 10:00:00+09:00,263000.0,264000.0,263000.0,263500.0,113672
2026-08-27 10:01:00+09:00,263000.0,263500.0,262500.0,263500.0,97219
2026-08-27 10:02:00+09:00,264500.0,264500.0,263000.0,263000.0,102977
2026-08-27 10:03:00+09:00,264750.0,265000.0,264000.0,264500.0,58820
2026-08-27 10:04:00+09:00,265000.0,265500.0,264500.0,264750.0,102053
2026-08-27 10:05:00+09:00,265250.0,265500.0,265000.0,265000.0,16266
2026-08-27 10:06:00+09:00,266000.0,266000.0,264500.0,265000.0,157085
2026-08-27 10:07:00+09:00,265000.0,266000.0,265000.0,265500.0,65889
2026-08-27 10:08:00+09:00,265250.0,265500.0,264500.0,265000.0,59657
2026-08-27 10:09:00+09:00,265000.0,265500.0,264500.0,265250.0,35649
2026-08-27 10:10:00+09:00,264750.0,265500.0,264000.0,265000.0,55382
2026-08-27 10:11:00+09:00,263750.0,265000.0,263500.0,264750.0,83676
2026-08-27 10:12:00+09:00,263500.0,264000.0,263500.0,263750.0,24533
2026-08-27 10:13:00+09:00,263500.0,264000.0,263000.0,263750.0,29405
2026-08-27 10:14:00+09:00,263000.0,263500.0,263000.0,263500.0,19453
2026-08-27 10:15:00+09:00,264500.0,264500.0,263000.0,263000.0,54556
2026-08-27 10:16:00+09:00,264000.0,264500.0,264000.0,264250.0,18542
2026-08-27 10:17:00+09:00,264500.0,264500.0,264000.0,264250.0,8534
2026-08-27 10:18:00+09:00,264250.0,265000.0,264000.0,264000.0,45305
2026-08-27 10:19:00+09:00,265500.0,265500.0,264000.0,264250.0,48279
2026-08-27 10:20:00+09:00,265000.0,266000.0,265000.0,265250.0,33788
2026-08-27 10:21:00+09:00,265500.0,266000.0,265000.0,265000.0,45508
2026-08-27 10:22:00+09:00,265250.0,266000.0,264500.0,265750.0,44484
2026-08-27 10:23:00+09:00,265750.0,266000.0,265000.0,265000.0,32308
2026-08-27 10:24:00+09:00,265750.0,266000.0,265500.0,265500.0,29430
2026-08-27 10:25:00+09:00,265750.0,266000.0,265500.0,265500.0,9685
2026-08-27 10:26:00+09:00,266000.0,266000.0,265500.0,265500.0,17179
2026-08-27 10:27:00+09:00,265500.0,266000.0,265500.0,266000.0,10758
2026-08-27 10:28:00+09:00,266000.0,266000.0,265500.0,265750.0,48705
2026-08-27 10:29:00+09:00,266250.0,266500.0,265750.0,266000.0,35743
2026-08-27 10:30:00+09:00,265500.0,266250.0,265500.0,266250.0,70518
2026-08-27 10:31:00+09:00,266000.0,266500.0,265500.0,265500.0,48400
2026-08-27 10:32:00+09:00,266500.0,266500.0,265500.0,266000.0,16849
2026-08-27 10:33:00+09:00,266250.0,266500.0,266000.0,266500.0,16830
2026-08-27 10:34:00+09:00,266500.0,266500.0,266000.0,266250.0,9196
2026-08-27 10:35:00+09:00,266250.0,266500.0,266000.0,266000.0,8137
2026-08-27 10:36:00+09:00,265500.0,266500.0,265500.0,266250.0,57423
2026-08-27 10:37:00+09:00,266000.0,266500.0,265500.0,265750.0,39644
2026-08-27 10:38:00+09:00,266250.0,266500.0,266000.0,266250.0,8587
2026-08-27 10:39:00+09:00,266250.0,266250.0,266000.0,266000.0,7159
2026-08-27 10:40:00+09:00,265750.0,266500.0,265500.0,266000.0,44564
2026-08-27 10:41:00+09:00,265500.0,266000.0,265000.0,265750.0,58031
2026-08-27 10:42:00+09:00,265000.0,266000.0,265000.0,265500.0,30954
2026-08-27 10:43:00+09:00,265500.0,266000.0,265000.0,265000.0,19621
2026-08-27 10:44:00+09:00,265000.0,265500.0,264500.0,265500.0,26582
2026-08-27 10:45:00+09:00,265500.0,265500.0,264500.0,264500.0,57835
2026-08-27 10:46:00+09:00,265250.0,266000.0,265000.0,265500.0,23286
2026-08-27 10:47:00+09:00,265500.0,266000.0,265000.0,265250.0,14773
2026-08-27 10:48:00+09:00,265250.0,265750.0,265000.0,265500.0,16711
2026-08-27 10:49:00+09:00,265500.0,266000.0,265000.0,265250.0,31381
2026-08-27 10:50:00+09:00,265750.0,266000.0,265500.0,265500.0,6996
2026-08-27 10:51:00+09:00,266000.0,266500.0,265500.0,265750.0,45438
2026-08-27 10:52:00+09:00,266000.0,266500.0,265500.0,266000.0,39173
2026-08-27 10:53:00+09:00,266500.0,266500.0,266000.0,266000.0,11795
2026-08-27 10:54:00+09:00,267000.0,267500.0,266250.0,266500.0,148498
2026-08-27 10:55:00+09:00,266750.0,267250.0,266500.0,267000.0,27921
2026-08-27 10:56:00+09:00,267000.0,267500.0,266500.0,267000.0,44720
2026-08-27 10:57:00+09:00,267000.0,267500.0,267000.0,267000.0,22944
2026-08-27 10:58:00+09:00,266500.0,267500.0,266500.0,267000.0,43488
2026-08-27 10:59:00+09:00,266750.0,267000.0,266000.0,266750.0,53702
2026-08-27 11:00:00+09:00,266750.0,267000.0,266000.0,266750.0,25195
2026-08-27 11:01:00+09:00,266750.0,267000.0,266500.0,267000.0,9802
2026-08-27 11:02:00+09:00,266750.0,267000.0,266500.0,266500.0,26750
2026-08-27 11:03:00+09:00,267250.0,267500.0,266750.0,266750.0,20027
2026-08-27 11:04:00+09:00,267250.0,267500.0,267000.0,267000.0,7272
2026-08-27 11:05:00+09:00,267250.0,267500.0,267000.0,267250.0,10689
2026-08-27 11:06:00+09:00,267000.0,267500.0,267000.0,267000.0,16148
2026-08-27 11:07:00+09:00,267000.0,267250.0,267000.0,267000.0,30072
2026-08-27 11:08:00+09:00,267000.0,267500.0,266750.0,267000.0,36530
2026-08-27 11:09:00+09:00,267000.0,267500.0,267000.0,267000.0,18298
2026-08-27 11:10:00+09:00,267000.0,267500.0,267000.0,267500.0,12309
2026-08-27 11:11:00+09:00,267000.0,267500.0,267000.0,267500.0,9799
2026-08-27 11:12:00+09:00,267500.0,267500.0,267000.0,267000.0,19959
2026-08-27 11:13:00+09:00,267000.0,267500.0,267000.0,267500.0,12869
2026-08-27 11:14:00+09:00,267500.0,268000.0,267000.0,267000.0,78970
2026-08-27 11:15:00+09:00,267500.0,268000.0,267500.0,267500.0,28697
2026-08-27 11:16:00+09:00,268000.0,268000.0,267500.0,267500.0,11472
2026-08-27 11:17:00+09:00,268000.0,268000.0,267750.0,267750.0,33497
2026-08-27 11:18:00+09:00,267750.0,268000.0,267500.0,268000.0,22581
2026-08-27 11:19:00+09:00,267750.0,268000.0,267500.0,267500.0,13154
2026-08-27 11:20:00+09:00,267750.0,268000.0,267500.0,267750.0,21568
2026-08-27 11:21:00+09:00,267500.0,268000.0,267000.0,267500.0,62521
2026-08-27 11:22:00+09:00,267250.0,268000.0,267000.0,267250.0,40525
2026-08-27 11:23:00+09:00,267500.0,267500.0,267000.0,267250.0,22066
2026-08-27 11:24:00+09:00,267250.0,267500.0,267000.0,267000.0,22355
2026-08-27 11:25:00+09:00,267000.0,267500.0,267000.0,267250.0,24527
2026-08-27 11:26:00+09:00,267250.0,267750.0,267000.0,267500.0,57290
2026-08-27 11:27:00+09:00,267500.0,268000.0,267000.0,267250.0,21761
2026-08-27 11:28:00+09:00,267250.0,267750.0,267000.0,267500.0,20035
2026-08-27 11:29:00+09:00,267000.0,267500.0,267000.0,267500.0,4483
2026-08-27 11:30:00+09:00,267250.0,267500.0,267000.0,267000.0,6907
2026-08-27 11:31:00+09:00,267500.0,268000.0,267000.0,267250.0,49692
2026-08-27 11:32:00+09:00,267750.0,268000.0,267500.0,267750.0,24673
2026-08-27 11:33:00+09:00,268250.0,268500.0,267750.0,268000.0,68080
2026-08-27 11:34:00+09:00,268000.0,268500.0,268000.0,268000.0,24443
2026-08-27 11:35:00+09:00,268000.0,268500.0,268000.0,268000.0,11679
2026-08-27 11:36:00+09:00,268000.0,268500.0,268000.0,268000.0,24551
2026-08-27 11:37:00+09:00,268000.0,268500.0,268000.0,268250.0,9424
2026-08-27 11:38:00+09:00,268500.0,268500.0,268000.0,268000.0,23083
2026-08-27 11:39:00+09:00,268250.0,268500.0,268000.0,268000.0,34478
2026-08-27 11:40:00+09:00,268500.0,268500.0,268250.0,268250.0,9576
2026-08-27 11:41:00+09:00,268250.0,268500.0,268000.0,268250.0,25005
2026-08-27 11:42:00+09:00,267250.0,268250.0,267000.0,268250.0,92053
2026-08-27 11:43:00+09:00,267500.0,268000.0,267000.0,267250.0,41918
2026-08-27 11:44:00+09:00,267500.0,268000.0,267500.0,267500.0,6168
2026-08-27 11:45:00+09:00,267500.0,268000.0,267500.0,267500.0,4452
2026-08-27 11:46:00+09:00,268000.0,268000.0,267500.0,267750.0,8539
2026-08-27 11:47:00+09:00,268000.0,268000.0,267500.0,267500.0,32186
2026-08-27 11:48:00+09:00,268250.0,268500.0,267750.0,267750.0,87521
2026-08-27 11:49:00+09:00,268500.0,269000.0,268000.0,268250.0,67919
2026-08-27 11:50:00+09:00,268500.0,269000.0,268000.0,268500.0,51777
2026-08-27 11:51:00+09:00,268750.0,269000.0,268000.0,268500.0,60406
2026-08-27 11:52:00+09:00,269000.0,269500.0,268500.0,268750.0,140731
2026-08-27 11:53:00+09:00,269000.0,269500.0,268500.0,269000.0,46321
2026-08-27 11:54:00+09:00,268500.0,269000.0,268500.0,269000.0,5774
2026-08-27 11:55:00+09:00,268750.0,269000.0,268500.0,268750.0,21383
2026-08-27 11:56:00+09:00,268750.0,269000.0,268750.0,268750.0,4739
2026-08-27 11:57:00+09:00,268750.0,269000.0,268500.0,268750.0,21819
2026-08-27 11:58:00+09:00,268500.0,269000.0,268500.0,268750.0,12572
2026-08-27 11:59:00+09:00,268250.0,269000.0,268000.0,268500.0,57505
2026-08-27 12:00:00+09:00,268500.0,268500.0,268000.0,268250.0,4668
2026-08-27 12:01:00+09:00,268000.0,268500.0,268000.0,268250.0,7729
2026-08-27 12:02:00+09:00,268500.0,269000.0,268000.0,268000.0,51743
2026-08-27 12:03:00+09:00,268500.0,269000.0,268000.0,268500.0,11754
2026-08-27 12:04:00+09:00,268750.0,269000.0,268000.0,268500.0,34588
2026-08-27 12:05:00+09:00,268500.0,269000.0,268500.0,269000.0,8192
2026-08-27 12:06:00+09:00,268500.0,269000.0,268500.0,268500.0,24448
2026-08-27 12:07:00+09:00,268250.0,268750.0,268000.0,268500.0,28598
2026-08-27 12:08:00+09:00,268000.0,268250.0,268000.0,268000.0,3690
2026-08-27 12:09:00+09:00,268000.0,268500.0,268000.0,268000.0,14877
2026-08-27 12:10:00+09:00,268000.0,268250.0,268000.0,268250.0,16719
2026-08-27 12:11:00+09:00,267500.0,268250.0,267500.0,268000.0,32973
2026-08-27 12:12:00+09:00,267250.0,268000.0,267000.0,267500.0,26912
2026-08-27 12:13:00+09:00,267250.0,267500.0,267000.0,267250.0,10134
2026-08-27 12:14:00+09:00,267500.0,267500.0,267000.0,267250.0,13020
2026-08-27 12:15:00+09:00,267750.0,268000.0,267500.0,267500.0,38963
2026-08-27 12:16:00+09:00,267750.0,268000.0,267500.0,268000.0,7411
2026-08-27 12:17:00+09:00,268000.0,268000.0,267500.0,267750.0,6350
2026-08-27 12:18:00+09:00,267500.0,268000.0,267500.0,267750.0,24984
2026-08-27 12:19:00+09:00,268000.0,268000.0,267500.0,267500.0,18416
2026-08-27 12:20:00+09:00,267750.0,268500.0,267500.0,268000.0,62454
2026-08-27 12:21:00+09:00,267500.0,268000.0,267500.0,267500.0,15824
2026-08-27 12:22:00+09:00,268000.0,268000.0,267500.0,267500.0,10067
2026-08-27 12:23:00+09:00,267750.0,268500.0,267500.0,268000.0,35845
2026-08-27 12:24:00+09:00,267750.0,268000.0,267500.0,267750.0,2499
2026-08-27 12:25:00+09:00,267500.0,268000.0,267500.0,267750.0,24771
2026-08-27 12:26:00+09:00,267500.0,268000.0,267500.0,267750.0,9669
2026-08-27 12:27:00+09:00,267750.0,268000.0,267500.0,267500.0,11568
2026-08-27 12:28:00+09:00,268000.0,268000.0,267500.0,267750.0,5198
2026-08-27 12:29:00+09:00,267500.0,268000.0,267500.0,268000.0,5207
2026-08-27 12:30:00+09:00,267500.0,268000.0,267500.0,267500.0,11800
2026-08-27 12:31:00+09:00,267750.0,268000.0,267500.0,268000.0,9327
2026-08-27 12:32:00+09:00,268000.0,268000.0,267500.0,267750.0,31282
2026-08-27 12:33:00+09:00,267750.0,268000.0,267500.0,268000.0,17130
2026-08-27 12:34:00+09:00,268000.0,268500.0,268000.0,268000.0,51309
2026-08-27 12:35:00+09:00,268000.0,268500.0,268000.0,268000.0,24719
2026-08-27 12:36:00+09:00,268000.0,268500.0,268000.0,268000.0,14653
2026-08-27 12:37:00+09:00,268000.0,268500.0,268000.0,268000.0,22053
2026-08-27 12:38:00+09:00,267750.0,268250.0,267500.0,268000.0,61491
2026-08-27 12:39:00+09:00,267750.0,268000.0,267500.0,267750.0,2784
2026-08-27 12:40:00+09:00,267500.0,268000.0,267500.0,268000.0,9600
2026-08-27 12:41:00+09:00,268000.0,268000.0,267500.0,268000.0,14334
2026-08-27 12:42:00+09:00,267500.0,268000.0,267500.0,267500.0,5653
2026-08-27 12:43:00+09:00,267500.0,268000.0,267500.0,267500.0,5330
2026-08-27 12:44:00+09:00,267250.0,268000.0,267250.0,267500.0,70951
2026-08-27 12:45:00+09:00,267500.0,268000.0,267000.0,267250.0,27439
2026-08-27 12:46:00+09:00,267500.0,268000.0,267500.0,267500.0,43112
2026-08-27 12:47:00+09:00,267000.0,267500.0,267000.0,267500.0,3090
2026-08-27 12:48:00+09:00,267250.0,267500.0,267000.0,267250.0,11898
2026-08-27 12:49:00+09:00,267000.0,267500.0,267000.0,267000.0,5821
2026-08-27 12:50:00+09:00,267500.0,267500.0,267000.0,267000.0,6783
2026-08-27 12:51:00+09:00,267000.0,267500.0,267000.0,267000.0,6068
2026-08-27 12:52:00+09:00,267000.0,267250.0,267000.0,267250.0,17286
2026-08-27 12:53:00+09:00,267000.0,267250.0,266500.0,267000.0,42786
2026-08-27 12:54:00+09:00,267500.0,268000.0,266500.0,266500.0,67535
2026-08-27 12:55:00+09:00,268000.0,268000.0,267500.0,267500.0,30172
2026-08-27 12:56:00+09:00,267750.0,268000.0,267500.0,268000.0,12955
2026-08-27 12:57:00+09:00,267750.0,268000.0,267500.0,267500.0,9709
2026-08-27 12:58:00+09:00,267250.0,267750.0,267000.0,267500.0,76559
2026-08-27 12:59:00+09:00,267000.0,267500.0,267000.0,267250.0,3398
2026-08-27 13:00:00+09:00,267500.0,268000.0,267000.0,267500.0,43178
2026-08-27 13:01:00+09:00,267500.0,267750.0,267000.0,267500.0,28192
2026-08-27 13:02:00+09:00,267250.0,267500.0,267000.0,267250.0,11680
2026-08-27 13:03:00+09:00,267500.0,267500.0,267000.0,267250.0,3839
2026-08-27 13:04:00+09:00,267000.0,267500.0,267000.0,267000.0,49193
2026-08-27 13:05:00+09:00,267000.0,267500.0,267000.0,267000.0,42465
2026-08-27 13:06:00+09:00,266750.0,267250.0,266500.0,267250.0,36875
2026-08-27 13:07:00+09:00,266500.0,267000.0,266250.0,266750.0,45429
2026-08-27 13:08:00+09:00,266500.0,267000.0,266000.0,266750.0,38610
2026-08-27 13:09:00+09:00,266000.0,267000.0,266000.0,266000.0,35191
2026-08-27 13:10:00+09:00,266500.0,266500.0,266000.0,266500.0,5185
2026-08-27 13:11:00+09:00,266500.0,266500.0,266000.0,266250.0,10142
2026-08-27 13:12:00+09:00,266500.0,267000.0,266000.0,266500.0,35188
2026-08-27 13:13:00+09:00,266750.0,266750.0,266500.0,266500.0,24809
2026-08-27 13:14:00+09:00,266000.0,266750.0,266000.0,266500.0,14982
2026-08-27 13:15:00+09:00,266000.0,266500.0,266000.0,266250.0,5898
2026-08-27 13:16:00+09:00,266500.0,267000.0,266000.0,266500.0,37814
2026-08-27 13:17:00+09:00,266750.0,266750.0,266500.0,266750.0,9550
2026-08-27 13:18:00+09:00,266500.0,266750.0,266500.0,266500.0,12564
2026-08-27 13:19:00+09:00,266750.0,267000.0,266500.0,266750.0,20024
2026-08-27 13:20:00+09:00,266500.0,266750.0,266500.0,266500.0,7458
2026-08-27 13:21:00+09:00,266500.0,266750.0,266500.0,266750.0,6113
2026-08-27 13:22:00+09:00,266500.0,266750.0,266500.0,266500.0,10137
2026-08-27 13:23:00+09:00,266750.0,267000.0,266000.0,266500.0,68346
2026-08-27 13:24:00+09:00,266750.0,267000.0,266500.0,266750.0,6951
2026-08-27 13:25:00+09:00,266500.0,267000.0,266500.0,267000.0,5217
2026-08-27 13:26:00+09:00,266750.0,267000.0,266500.0,267000.0,4067
2026-08-27 13:27:00+09:00,266750.0,267000.0,266750.0,267000.0,42275
2026-08-27 13:28:00+09:00,266000.0,267000.0,266000.0,266750.0,66059
2026-08-27 13:29:00+09:00,265750.0,266250.0,265500.0,266000.0,27498
2026-08-27 13:30:00+09:00,265250.0,266000.0,265000.0,265750.0,79680
2026-08-27 13:31:00+09:00,265000.0,265500.0,265000.0,265250.0,8133
2026-08-27 13:32:00+09:00,266000.0,266500.0,265000.0,265000.0,60192
2026-08-27 13:33:00+09:00,265500.0,266000.0,265500.0,265500.0,4711
2026-08-27 13:34:00+09:00,266000.0,266000.0,265500.0,266000.0,10264
2026-08-27 13:35:00+09:00,265750.0,266000.0,265500.0,265750.0,19120
2026-08-27 13:36:00+09:00,265500.0,266000.0,265500.0,265750.0,5884
2026-08-27 13:37:00+09:00,265500.0,266000.0,265500.0,265500.0,12243
2026-08-27 13:38:00+09:00,266000.0,266000.0,265000.0,265500.0,66544
2026-08-27 13:39:00+09:00,265500.0,266000.0,265500.0,265500.0,10496
2026-08-27 13:40:00+09:00,265000.0,265500.0,265000.0,265500.0,28783
2026-08-27 13:41:00+09:00,265250.0,265500.0,265000.0,265250.0,8042
2026-08-27 13:42:00+09:00,265000.0,265500.0,265000.0,265250.0,9161
2026-08-27 13:43:00+09:00,266000.0,266000.0,265000.0,265500.0,49721
2026-08-27 13:44:00+09:00,265750.0,266000.0,265500.0,265500.0,6810
2026-08-27 13:45:00+09:00,265500.0,266000.0,265500.0,265500.0,8186
2026-08-27 13:46:00+09:00,265750.0,266000.0,265500.0,265500.0,19620
2026-08-27 13:47:00+09:00,266000.0,266000.0,265500.0,265750.0,5824
2026-08-27 13:48:00+09:00,265500.0,266000.0,265500.0,265750.0,29004
2026-08-27 13:49:00+09:00,266000.0,266000.0,265500.0,265750.0,17457
2026-08-27 13:50:00+09:00,265500.0,266000.0,265500.0,265500.0,7074
2026-08-27 13:51:00+09:00,265500.0,266000.0,265500.0,265500.0,10174
2026-08-27 13:52:00+09:00,265000.0,265750.0,265000.0,265500.0,61969
2026-08-27 13:53:00+09:00,265000.0,265500.0,265000.0,265000.0,14791
2026-08-27 13:54:00+09:00,266000.0,266000.0,265000.0,265000.0,46191
2026-08-27 13:55:00+09:00,265750.0,266000.0,265500.0,265500.0,28243
2026-08-27 13:56:00+09:00,265250.0,266000.0,265000.0,266000.0,40442
2026-08-27 13:57:00+09:00,265750.0,266000.0,265000.0,265250.0,45795
2026-08-27 13:58:00+09:00,266000.0,266000.0,265500.0,265750.0,38811
2026-08-27 13:59:00+09:00,265750.0,266000.0,265500.0,265500.0,19327
2026-08-27 14:00:00+09:00,266000.0,266500.0,265500.0,265750.0,43247
2026-08-27 14:01:00+09:00,266000.0,266500.0,265500.0,266000.0,45945
2026-08-27 14:02:00+09:00,265750.0,266500.0,265500.0,266000.0,54458
2026-08-27 14:03:00+09:00,265500.0,266000.0,265500.0,265750.0,19975
2026-08-27 14:04:00+09:00,266000.0,266000.0,265500.0,265500.0,40272
2026-08-27 14:05:00+09:00,266000.0,266000.0,265500.0,265500.0,35302
2026-08-27 14:06:00+09:00,266000.0,266500.0,265750.0,265750.0,22347
2026-08-27 14:07:00+09:00,266000.0,266250.0,265500.0,266250.0,63751
2026-08-27 14:08:00+09:00,266000.0,266000.0,265500.0,265750.0,26003
2026-08-27 14:09:00+09:00,265500.0,266250.0,265500.0,265500.0,44902
2026-08-27 14:10:00+09:00,264500.0,266000.0,264500.0,265500.0,99202
2026-08-27 14:11:00+09:00,265000.0,265500.0,264500.0,265000.0,49333
2026-08-27 14:12:00+09:00,265000.0,265500.0,264500.0,265000.0,43383
2026-08-27 14:13:00+09:00,265500.0,265500.0,264500.0,265000.0,46378
2026-08-27 14:14:00+09:00,265000.0,265500.0,265000.0,265250.0,20233
2026-08-27 14:15:00+09:00,264500.0,265500.0,264500.0,265000.0,51954
2026-08-27 14:16:00+09:00,265000.0,265500.0,264500.0,264750.0,54920
2026-08-27 14:17:00+09:00,265000.0,265500.0,264500.0,265000.0,30811
2026-08-27 14:18:00+09:00,264750.0,265000.0,264500.0,264500.0,33522
2026-08-27 14:19:00+09:00,264500.0,265000.0,264500.0,264750.0,21893
2026-08-27 14:20:00+09:00,265000.0,265000.0,264500.0,264500.0,30359
2026-08-27 14:21:00+09:00,264500.0,265000.0,264500.0,265000.0,28469
2026-08-27 14:22:00+09:00,265000.0,265500.0,264500.0,265000.0,64249
2026-08-27 14:23:00+09:00,265500.0,266000.0,265000.0,265250.0,46988
2026-08-27 14:24:00+09:00,265500.0,266000.0,265000.0,265500.0,46929
2026-08-27 14:25:00+09:00,265250.0,266000.0,265000.0,265250.0,39170
2026-08-27 14:26:00+09:00,265500.0,265500.0,265000.0,265250.0,21370
2026-08-27 14:27:00+09:00,265500.0,266000.0,265000.0,265250.0,54306
2026-08-27 14:28:00+09:00,265000.0,265500.0,265000.0,265000.0,28890
2026-08-27 14:29:00+09:00,265500.0,266000.0,265000.0,265000.0,35655
2026-08-27 14:30:00+09:00,265000.0,266000.0,265000.0,265750.0,31399
2026-08-27 14:31:00+09:00,265250.0,265500.0,265000.0,265250.0,23803
2026-08-27 14:32:00+09:00,265500.0,266000.0,265000.0,265500.0,42589
2026-08-27 14:33:00+09:00,265250.0,266000.0,265000.0,265000.0,42912
2026-08-27 14:34:00+09:00,265250.0,265500.0,265000.0,265250.0,29780
2026-08-27 14:35:00+09:00,265250.0,265500.0,265000.0,265000.0,31603
2026-08-27 14:36:00+09:00,265000.0,265500.0,265000.0,265250.0,35121
2026-08-27 14:37:00+09:00,265000.0,265500.0,264500.0,265000.0,61517
2026-08-27 14:38:00+09:00,265000.0,265000.0,264500.0,264500.0,51983
2026-08-27 14:39:00+09:00,265250.0,265500.0,264500.0,264500.0,53190
2026-08-27 14:40:00+09:00,265750.0,266000.0,265000.0,265250.0,48016
2026-08-27 14:41:00+09:00,265750.0,266000.0,265500.0,265750.0,40660
2026-08-27 14:42:00+09:00,265500.0,266000.0,265500.0,265750.0,31720
2026-08-27 14:43:00+09:00,265000.0,266000.0,264500.0,265500.0,107742
2026-08-27 14:44:00+09:00,265000.0,265500.0,264500.0,265000.0,34554
2026-08-27 14:45:00+09:00,265000.0,265500.0,264500.0,265000.0,55651
2026-08-27 14:46:00+09:00,265500.0,266000.0,265000.0,265000.0,56731
2026-08-27 14:47:00+09:00,265750.0,266000.0,265500.0,265500.0,33771
2026-08-27 14:48:00+09:00,266000.0,266000.0,265500.0,266000.0,23004
2026-08-27 14:49:00+09:00,265750.0,266000.0,265500.0,266000.0,20806
2026-08-27 14:50:00+09:00,266250.0,266500.0,265750.0,265750.0,85818
2026-08-27 14:51:00+09:00,265500.0,266250.0,265000.0,266000.0,83575
2026-08-27 14:52:00+09:00,265500.0,266000.0,265500.0,265500.0,18124
2026-08-27 14:53:00+09:00,265250.0,265750.0,265000.0,265500.0,43511
2026-08-27 14:54:00+09:00,265000.0,265250.0,265000.0,265250.0,15137
2026-08-27 14:55:00+09:00,265000.0,265500.0,264500.0,265000.0,70400
2026-08-27 14:56:00+09:00,264500.0,265500.0,264500.0,265000.0,29465
2026-08-27 14:57:00+09:00,264750.0,265000.0,264500.0,264500.0,17459
2026-08-27 14:58:00+09:00,264500.0,265000.0,264500.0,264750.0,18137
2026-08-27 14:59:00+09:00,264750.0,265000.0,264500.0,264500.0,16091
2026-08-28 09:00:00+09:00,263000.0,263500.0,262000.0,262500.0,450843
2026-08-28 09:01:00+09:00,263500.0,264000.0,262000.0,262500.0,154659
2026-08-28 09:02:00+09:00,263000.0,264000.0,262500.0,263500.0,109130
2026-08-28 09:03:00+09:00,263500.0,263500.0,263000.0,263500.0,17728
2026-08-28 09:04:00+09:00,262250.0,263500.0,262000.0,263500.0,82641
2026-08-28 09:05:00+09:00,262000.0,263000.0,261500.0,262250.0,97214
2026-08-28 09:06:00+09:00,261500.0,262500.0,261500.0,262000.0,63088
2026-08-28 09:07:00+09:00,261750.0,262000.0,261000.0,261750.0,88253
2026-08-28 09:08:00+09:00,261000.0,262000.0,261000.0,262000.0,45171
2026-08-28 09:09:00+09:00,261250.0,261500.0,261000.0,261500.0,23435
2026-08-28 09:10:00+09:00,261250.0,261500.0,261000.0,261000.0,42260
2026-08-28 09:11:00+09:00,262000.0,262500.0,261250.0,261500.0,137314
2026-08-28 09:12:00+09:00,262000.0,262000.0,261500.0,262000.0,46739
2026-08-28 09:13:00+09:00,262250.0,262500.0,261500.0,262000.0,34908
2026-08-28 09:14:00+09:00,262500.0,262500.0,262000.0,262000.0,9549
2026-08-28 09:15:00+09:00,261500.0,262500.0,261000.0,262000.0,81731
2026-08-28 09:16:00+09:00,259500.0,261500.0,259000.0,261500.0,284503
2026-08-28 09:17:00+09:00,260000.0,260500.0,258500.0,259250.0,223632
2026-08-28 09:18:00+09:00,260000.0,260500.0,259000.0,260000.0,66537
2026-08-28 09:19:00+09:00,259750.0,260500.0,259500.0,260000.0,29735
2026-08-28 09:20:00+09:00,260500.0,260500.0,259500.0,259500.0,67938
2026-08-28 09:21:00+09:00,261000.0,261000.0,260000.0,260500.0,41477
2026-08-28 09:22:00+09:00,261000.0,261500.0,260500.0,261250.0,30563
2026-08-28 09:23:00+09:00,261500.0,261500.0,260500.0,261000.0,33256
2026-08-28 09:24:00+09:00,261250.0,262000.0,261000.0,261500.0,29301
2026-08-28 09:25:00+09:00,262000.0,262000.0,261000.0,261250.0,53577
2026-08-28 09:26:00+09:00,261500.0,262000.0,261000.0,262000.0,33143
2026-08-28 09:27:00+09:00,261500.0,262000.0,261000.0,261500.0,35713
2026-08-28 09:28:00+09:00,261750.0,262000.0,261000.0,261500.0,39917
2026-08-28 09:29:00+09:00,263000.0,263500.0,261500.0,261750.0,94178
2026-08-28 09:30:00+09:00,263500.0,264000.0,263000.0,263500.0,40173
2026-08-28 09:31:00+09:00,264000.0,264000.0,263500.0,263500.0,8117
2026-08-28 09:32:00+09:00,264250.0,264500.0,263500.0,264000.0,62817
2026-08-28 09:33:00+09:00,263500.0,264500.0,263500.0,264000.0,107972
2026-08-28 09:34:00+09:00,263750.0,264500.0,263500.0,263750.0,59029
2026-08-28 09:35:00+09:00,263750.0,264000.0,263500.0,263750.0,16073
2026-08-28 09:36:00+09:00,264250.0,264500.0,263500.0,264000.0,39566
2026-08-28 09:37:00+09:00,263000.0,264250.0,263000.0,264000.0,97034
2026-08-28 09:38:00+09:00,263000.0,263500.0,263000.0,263250.0,6616
2026-08-28 09:39:00+09:00,262500.0,263500.0,262500.0,263250.0,29682
2026-08-28 09:40:00+09:00,263250.0,263500.0,262500.0,262500.0,23471
2026-08-28 09:41:00+09:00,263500.0,264000.0,263000.0,263250.0,29723
2026-08-28 09:42:00+09:00,264000.0,264500.0,263500.0,263500.0,36941
2026-08-28 09:43:00+09:00,265500.0,265500.0,264000.0,264000.0,199233
2026-08-28 09:44:00+09:00,264250.0,265500.0,264000.0,265500.0,121168
2026-08-28 09:45:00+09:00,264250.0,264500.0,264000.0,264500.0,13854
2026-08-28 09:46:00+09:00,265000.0,265500.0,264000.0,264000.0,86757
2026-08-28 09:47:00+09:00,265250.0,265500.0,265000.0,265000.0,26058
2026-08-28 09:48:00+09:00,265750.0,266000.0,265000.0,265250.0,64779
2026-08-28 09:49:00+09:00,265500.0,266000.0,265500.0,265750.0,14239
2026-08-28 09:50:00+09:00,265000.0,266000.0,265000.0,266000.0,42391
2026-08-28 09:51:00+09:00,265250.0,265500.0,265000.0,265000.0,34811
2026-08-28 09:52:00+09:00,265000.0,265250.0,265000.0,265000.0,18714
2026-08-28 09:53:00+09:00,264500.0,265500.0,264500.0,265000.0,27341
2026-08-28 09:54:00+09:00,264250.0,265500.0,264000.0,264500.0,38194
2026-08-28 09:55:00+09:00,263250.0,264500.0,263000.0,264250.0,147737
2026-08-28 09:56:00+09:00,262500.0,263500.0,262500.0,263500.0,49827
2026-08-28 09:57:00+09:00,262500.0,263500.0,262000.0,262750.0,80649
2026-08-28 09:58:00+09:00,262250.0,263000.0,262000.0,262500.0,74504
2026-08-28 09:59:00+09:00,262000.0,262500.0,262000.0,262250.0,4343
2026-08-28 10:00:00+09:00,262750.0,263000.0,262000.0,262000.0,33850
2026-08-28 10:01:00+09:00,262000.0,263000.0,262000.0,262750.0,51714
2026-08-28 10:02:00+09:00,262500.0,263000.0,262000.0,262250.0,26306
2026-08-28 10:03:00+09:00,261750.0,262500.0,261500.0,262500.0,44273
2026-08-28 10:04:00+09:00,262500.0,263000.0,261500.0,261750.0,82067
2026-08-28 10:05:00+09:00,262000.0,262500.0,261500.0,262500.0,109536
2026-08-28 10:06:00+09:00,262000.0,262500.0,261500.0,262000.0,17911
2026-08-28 10:07:00+09:00,262000.0,262000.0,261500.0,261500.0,3988
2026-08-28 10:08:00+09:00,261750.0,262000.0,261500.0,261750.0,18246
2026-08-28 10:09:00+09:00,262000.0,262500.0,261500.0,261750.0,28476
2026-08-28 10:10:00+09:00,262000.0,262500.0,261500.0,262000.0,30658
2026-08-28 10:11:00+09:00,261500.0,262000.0,261500.0,262000.0,8381
2026-08-28 10:12:00+09:00,261500.0,262000.0,261500.0,261750.0,20237
2026-08-28 10:13:00+09:00,261000.0,261750.0,261000.0,261500.0,43144
2026-08-28 10:14:00+09:00,261500.0,261500.0,260500.0,261000.0,53833
2026-08-28 10:15:00+09:00,262000.0,262500.0,261000.0,261000.0,47195
2026-08-28 10:16:00+09:00,262000.0,262500.0,261500.0,262000.0,16897
2026-08-28 10:17:00+09:00,262000.0,262500.0,261500.0,262000.0,15689
2026-08-28 10:18:00+09:00,262000.0,262500.0,261500.0,262500.0,19667
2026-08-28 10:19:00+09:00,262000.0,262500.0,261500.0,262250.0,26136
2026-08-28 10:20:00+09:00,262000.0,262000.0,261500.0,262000.0,3690
2026-08-28 10:21:00+09:00,262250.0,262500.0,261500.0,262000.0,29677
2026-08-28 10:22:00+09:00,262250.0,262500.0,262000.0,262250.0,6408
2026-08-28 10:23:00+09:00,261500.0,262250.0,261000.0,262250.0,50942
2026-08-28 10:24:00+09:00,261500.0,262000.0,261000.0,261250.0,31833
2026-08-28 10:25:00+09:00,261000.0,261750.0,261000.0,261500.0,20043
2026-08-28 10:26:00+09:00,261500.0,261500.0,261000.0,261000.0,6393
2026-08-28 10:27:00+09:00,261000.0,261500.0,261000.0,261250.0,19948
2026-08-28 10:28:00+09:00,260500.0,261500.0,260500.0,261000.0,74081
2026-08-28 10:29:00+09:00,260500.0,260750.0,260000.0,260750.0,62258
2026-08-28 10:30:00+09:00,260000.0,260500.0,260000.0,260500.0,8294
2026-08-28 10:31:00+09:00,260500.0,260500.0,260000.0,260000.0,9242
2026-08-28 10:32:00+09:00,260750.0,261000.0,260000.0,260500.0,57410
2026-08-28 10:33:00+09:00,261500.0,261500.0,260500.0,260500.0,48373
2026-08-28 10:34:00+09:00,261500.0,261750.0,261000.0,261000.0,27700
2026-08-28 10:35:00+09:00,261250.0,262500.0,261000.0,261500.0,53327
2026-08-28 10:36:00+09:00,261000.0,262000.0,261000.0,261250.0,57383
2026-08-28 10:37:00+09:00,261000.0,261500.0,260500.0,261000.0,79288
2026-08-28 10:38:00+09:00,260500.0,261000.0,260000.0,261000.0,36368
2026-08-28 10:39:00+09:00,260500.0,261000.0,260000.0,260750.0,34762
2026-08-28 10:40:00+09:00,260500.0,260500.0,260000.0,260500.0,8556
2026-08-28 10:41:00+09:00,260500.0,260500.0,260000.0,260500.0,4962
2026-08-28 10:42:00+09:00,260250.0,260500.0,260000.0,260500.0,22679
2026-08-28 10:43:00+09:00,260500.0,260500.0,260000.0,260000.0,8157
2026-08-28 10:44:00+09:00,260250.0,260500.0,260000.0,260250.0,7039
2026-08-28 10:45:00+09:00,260000.0,260500.0,259500.0,260250.0,146706
2026-08-28 10:46:00+09:00,259750.0,260500.0,259500.0,260000.0,34306
2026-08-28 10:47:00+09:00,260000.0,260000.0,259500.0,259750.0,5973
2026-08-28 10:48:00+09:00,259750.0,260000.0,259500.0,259750.0,18191
2026-08-28 10:49:00+09:00,260000.0,260000.0,259500.0,259750.0,7967
2026-08-28 10:50:00+09:00,260000.0,260500.0,259500.0,260000.0,61611
2026-08-28 10:51:00+09:00,260500.0,260500.0,260000.0,260000.0,7848
2026-08-28 10:52:00+09:00,260500.0,260500.0,260000.0,260250.0,20368
2026-08-28 10:53:00+09:00,260500.0,261000.0,260000.0,260250.0,24497
2026-08-28 10:54:00+09:00,260500.0,260500.0,260000.0,260500.0,15590
2026-08-28 10:55:00+09:00,260750.0,261000.0,260000.0,260000.0,23323
2026-08-28 10:56:00+09:00,260250.0,260750.0,260000.0,260750.0,31283
2026-08-28 10:57:00+09:00,260000.0,260500.0,260000.0,260250.0,20567
2026-08-28 10:58:00+09:00,260250.0,260500.0,260000.0,260250.0,8194
2026-08-28 10:59:00+09:00,260250.0,260500.0,260000.0,260250.0,12990
2026-08-28 11:00:00+09:00,260750.0,261000.0,260250.0,260250.0,75251
2026-08-28 11:01:00+09:00,260750.0,260750.0,260500.0,260500.0,7256
2026-08-28 11:02:00+09:00,260250.0,260750.0,260000.0,260500.0,26367
2026-08-28 11:03:00+09:00,260250.0,260500.0,260000.0,260250.0,17078
2026-08-28 11:04:00+09:00,260500.0,261000.0,260000.0,260250.0,42728
2026-08-28 11:05:00+09:00,260000.0,260500.0,260000.0,260250.0,10959
2026-08-28 11:06:00+09:00,260250.0,260500.0,260000.0,260500.0,19642
2026-08-28 11:07:00+09:00,260000.0,260500.0,260000.0,260250.0,11912
2026-08-28 11:08:00+09:00,260500.0,260500.0,260000.0,260000.0,16554
2026-08-28 11:09:00+09:00,260500.0,260500.0,260000.0,260500.0,5597
2026-08-28 11:10:00+09:00,260000.0,260500.0,260000.0,260500.0,10166
2026-08-28 11:11:00+09:00,259750.0,260500.0,259500.0,260250.0,96328
2026-08-28 11:12:00+09:00,260000.0,260000.0,259500.0,260000.0,57980
2026-08-28 11:13:00+09:00,260000.0,260000.0,259500.0,260000.0,19186
2026-08-28 11:14:00+09:00,260000.0,260000.0,259500.0,260000.0,6951
2026-08-28 11:15:00+09:00,260500.0,260500.0,259500.0,260000.0,44659
2026-08-28 11:16:00+09:00,260500.0,261000.0,260000.0,260000.0,46900
2026-08-28 11:17:00+09:00,260500.0,261000.0,260000.0,260000.0,33678
2026-08-28 11:18:00+09:00,261000.0,261000.0,260000.0,260500.0,7441
2026-08-28 11:19:00+09:00,261000.0,261000.0,260500.0,261000.0,8928
2026-08-28 11:20:00+09:00,261000.0,261500.0,260500.0,261000.0,30380
2026-08-28 11:21:00+09:00,261000.0,261000.0,260500.0,261000.0,9368
2026-08-28 11:22:00+09:00,260500.0,261000.0,260000.0,260500.0,51325
2026-08-28 11:23:00+09:00,260000.0,260500.0,259500.0,260500.0,58769
2026-08-28 11:24:00+09:00,260250.0,260500.0,260000.0,260250.0,2407
2026-08-28 11:25:00+09:00,260500.0,260500.0,260000.0,260250.0,2227
2026-08-28 11:26:00+09:00,260500.0,260500.0,260000.0,260000.0,15663
2026-08-28 11:27:00+09:00,260500.0,260500.0,260000.0,260000.0,16773
2026-08-28 11:28:00+09:00,260000.0,260500.0,260000.0,260500.0,4123
2026-08-28 11:29:00+09:00,260000.0,260500.0,260000.0,260000.0,6202
2026-08-28 11:30:00+09:00,260500.0,260500.0,260000.0,260000.0,5507
2026-08-28 11:31:00+09:00,260000.0,260500.0,260000.0,260000.0,18325
2026-08-28 11:32:00+09:00,260500.0,260500.0,259500.0,260000.0,66166
2026-08-28 11:33:00+09:00,260000.0,260500.0,259500.0,260250.0,24073
2026-08-28 11:34:00+09:00,259500.0,260000.0,259500.0,260000.0,5768
2026-08-28 11:35:00+09:00,259500.0,260000.0,259500.0,259750.0,5214
2026-08-28 11:36:00+09:00,260000.0,260000.0,259500.0,259500.0,20433
2026-08-28 11:37:00+09:00,259750.0,260000.0,259500.0,260000.0,4122
2026-08-28 11:38:00+09:00,260000.0,260000.0,259500.0,260000.0,33374
2026-08-28 11:39:00+09:00,259500.0,260000.0,259500.0,260000.0,22544
2026-08-28 11:40:00+09:00,260000.0,260000.0,259500.0,259500.0,11350
2026-08-28 11:41:00+09:00,259750.0,260500.0,259500.0,259500.0,33966
2026-08-28 11:42:00+09:00,260000.0,260000.0,259500.0,260000.0,14494
2026-08-28 11:43:00+09:00,260000.0,260000.0,259500.0,260000.0,3293
2026-08-28 11:44:00+09:00,259750.0,260000.0,259500.0,259500.0,5113
2026-08-28 11:45:00+09:00,259500.0,260000.0,259500.0,259500.0,23993
2026-08-28 11:46:00+09:00,260000.0,260000.0,259500.0,260000.0,16569
2026-08-28 11:47:00+09:00,259500.0,260000.0,259500.0,259500.0,6275
2026-08-28 11:48:00+09:00,260000.0,260000.0,259500.0,259500.0,22099
2026-08-28 11:49:00+09:00,260000.0,260000.0,259500.0,259750.0,6563
2026-08-28 11:50:00+09:00,260000.0,260000.0,259500.0,259500.0,31898
2026-08-28 11:51:00+09:00,260000.0,260000.0,259500.0,260000.0,5135
2026-08-28 11:52:00+09:00,259500.0,260000.0,259500.0,259500.0,6156
2026-08-28 11:53:00+09:00,260000.0,260000.0,259500.0,259500.0,16842
2026-08-28 11:54:00+09:00,259500.0,260000.0,259500.0,260000.0,6926
2026-08-28 11:55:00+09:00,259750.0,260000.0,259500.0,259500.0,8579
2026-08-28 11:56:00+09:00,259500.0,260000.0,259500.0,260000.0,6584
2026-08-28 11:57:00+09:00,260000.0,260500.0,259500.0,260000.0,40477
2026-08-28 11:58:00+09:00,260250.0,260250.0,260000.0,260000.0,4334
2026-08-28 11:59:00+09:00,260000.0,260500.0,260000.0,260250.0,12379
2026-08-28 12:00:00+09:00,260000.0,260500.0,259500.0,260500.0,86685
2026-08-28 12:01:00+09:00,260000.0,260000.0,259500.0,260000.0,4376
2026-08-28 12:02:00+09:00,259750.0,260000.0,259500.0,260000.0,29176
2026-08-28 12:03:00+09:00,259750.0,260000.0,259500.0,259750.0,10207
2026-08-28 12:04:00+09:00,260250.0,260500.0,259500.0,259500.0,18403
2026-08-28 12:05:00+09:00,260000.0,260250.0,260000.0,260250.0,7768
2026-08-28 12:06:00+09:00,260250.0,260500.0,260000.0,260000.0,4272
2026-08-28 12:07:00+09:00,260250.0,260250.0,260000.0,260000.0,4508
2026-08-28 12:08:00+09:00,260000.0,260250.0,260000.0,260250.0,6450
2026-08-28 12:09:00+09:00,260250.0,260250.0,260000.0,260250.0,4033
2026-08-28 12:10:00+09:00,260000.0,260250.0,260000.0,260000.0,3896
2026-08-28 12:11:00+09:00,260000.0,260500.0,260000.0,260000.0,4825
2026-08-28 12:12:00+09:00,260000.0,260500.0,260000.0,260000.0,3747
2026-08-28 12:13:00+09:00,260500.0,260500.0,260000.0,260000.0,4331
2026-08-28 12:14:00+09:00,260000.0,260500.0,260000.0,260000.0,24325
2026-08-28 12:15:00+09:00,260000.0,260500.0,260000.0,260000.0,3771
2026-08-28 12:16:00+09:00,260000.0,260250.0,260000.0,260000.0,7034
2026-08-28 12:17:00+09:00,260250.0,260250.0,260000.0,260000.0,4160
2026-08-28 12:18:00+09:00,260000.0,260500.0,259500.0,260250.0,53817
2026-08-28 12:19:00+09:00,259750.0,260000.0,259500.0,260000.0,5489
2026-08-28 12:20:00+09:00,259500.0,260000.0,259500.0,259750.0,10638
2026-08-28 12:21:00+09:00,259750.0,260000.0,259500.0,259750.0,48513
2026-08-28 12:22:00+09:00,259500.0,260000.0,259500.0,259500.0,14273
2026-08-28 12:23:00+09:00,260000.0,260000.0,259500.0,259500.0,11746
2026-08-28 12:24:00+09:00,259500.0,260000.0,259500.0,259500.0,38271
2026-08-28 12:25:00+09:00,259500.0,260000.0,259500.0,259500.0,19406
2026-08-28 12:26:00+09:00,260000.0,260000.0,259500.0,260000.0,10145
2026-08-28 12:27:00+09:00,260000.0,260000.0,259500.0,259500.0,23702
2026-08-28 12:28:00+09:00,259750.0,260000.0,259500.0,260000.0,10604
2026-08-28 12:29:00+09:00,260000.0,260000.0,259500.0,259500.0,9208
2026-08-28 12:30:00+09:00,259500.0,260000.0,259500.0,259500.0,12523
2026-08-28 12:31:00+09:00,260000.0,260000.0,259500.0,259500.0,11150
2026-08-28 12:32:00+09:00,260000.0,260000.0,259500.0,259750.0,12170
2026-08-28 12:33:00+09:00,259500.0,260000.0,259500.0,259750.0,12165
2026-08-28 12:34:00+09:00,259750.0,260000.0,259500.0,259500.0,23316
2026-08-28 12:35:00+09:00,259500.0,259750.0,259000.0,259500.0,66063
2026-08-28 12:36:00+09:00,259500.0,259500.0,259000.0,259500.0,8864
2026-08-28 12:37:00+09:00,259500.0,259500.0,259000.0,259000.0,15542
2026-08-28 12:38:00+09:00,259000.0,259500.0,259000.0,259250.0,165247
2026-08-28 12:39:00+09:00,259000.0,259500.0,259000.0,259000.0,23352
2026-08-28 12:40:00+09:00,259000.0,259500.0,259000.0,259000.0,16588
2026-08-28 12:41:00+09:00,259250.0,259250.0,259000.0,259000.0,14736
2026-08-28 12:42:00+09:00,259000.0,259250.0,258500.0,259000.0,68544
2026-08-28 12:43:00+09:00,258500.0,259000.0,258500.0,259000.0,15946
2026-08-28 12:44:00+09:00,259000.0,259000.0,258500.0,258750.0,24845
2026-08-28 12:45:00+09:00,258750.0,259000.0,258500.0,258750.0,16933
2026-08-28 12:46:00+09:00,258750.0,259000.0,258000.0,258500.0,160545
2026-08-28 12:47:00+09:00,258500.0,259000.0,258500.0,258750.0,10908
2026-08-28 12:48:00+09:00,259000.0,259000.0,258500.0,259000.0,11768
2026-08-28 12:49:00+09:00,259000.0,259000.0,258500.0,258500.0,7732
2026-08-28 12:50:00+09:00,258750.0,259000.0,258500.0,259000.0,11570
2026-08-28 12:51:00+09:00,259250.0,259500.0,258500.0,258750.0,35901
2026-08-28 12:52:00+09:00,259250.0,259500.0,259000.0,259250.0,11935
2026-08-28 12:53:00+09:00,259500.0,259500.0,258500.0,259500.0,29500
2026-08-28 12:54:00+09:00,260000.0,260000.0,259000.0,259250.0,30568
2026-08-28 12:55:00+09:00,259500.0,260250.0,259500.0,259750.0,52571
2026-08-28 12:56:00+09:00,260000.0,260500.0,259500.0,259500.0,43230
2026-08-28 12:57:00+09:00,260000.0,260750.0,260000.0,260000.0,38920
2026-08-28 12:58:00+09:00,260000.0,260500.0,259500.0,260000.0,36619
2026-08-28 12:59:00+09:00,260000.0,260500.0,259500.0,260250.0,17752
2026-08-28 13:00:00+09:00,259750.0,260000.0,259500.0,259500.0,9250
2026-08-28 13:01:00+09:00,259000.0,259750.0,259000.0,259500.0,36229
2026-08-28 13:02:00+09:00,259000.0,259500.0,259000.0,259000.0,12352
2026-08-28 13:03:00+09:00,258750.0,259250.0,258500.0,259000.0,36952
2026-08-28 13:04:00+09:00,259000.0,259000.0,258500.0,258750.0,14965
2026-08-28 13:05:00+09:00,258750.0,259000.0,258500.0,259000.0,19503
2026-08-28 13:06:00+09:00,258750.0,259000.0,258500.0,258500.0,46541
2026-08-28 13:07:00+09:00,258750.0,259000.0,258000.0,258500.0,45533
2026-08-28 13:08:00+09:00,258750.0,258750.0,258500.0,258750.0,7057
2026-08-28 13:09:00+09:00,258500.0,258750.0,258500.0,258500.0,17986
2026-08-28 13:10:00+09:00,258500.0,259000.0,258500.0,258750.0,12961
2026-08-28 13:11:00+09:00,258500.0,259000.0,258500.0,258750.0,12527
2026-08-28 13:12:00+09:00,259000.0,259000.0,258500.0,258500.0,27447
2026-08-28 13:13:00+09:00,259500.0,259500.0,258750.0,259000.0,53448
2026-08-28 13:14:00+09:00,259750.0,260000.0,259250.0,259500.0,55918
2026-08-28 13:15:00+09:00,259500.0,260000.0,259000.0,259500.0,25919
2026-08-28 13:16:00+09:00,259750.0,260000.0,259250.0,259500.0,36713
2026-08-28 13:17:00+09:00,259000.0,259750.0,259000.0,259500.0,45341
2026-08-28 13:18:00+09:00,259500.0,260000.0,259000.0,259000.0,42212
2026-08-28 13:19:00+09:00,259750.0,260000.0,259000.0,259500.0,19145
2026-08-28 13:20:00+09:00,259500.0,260000.0,259500.0,259500.0,19821
2026-08-28 13:21:00+09:00,259000.0,260000.0,259000.0,259500.0,33746
2026-08-28 13:22:00+09:00,259250.0,259500.0,259000.0,259250.0,6698
2026-08-28 13:23:00+09:00,259250.0,259500.0,259000.0,259250.0,8543
2026-08-28 13:24:00+09:00,259000.0,259250.0,259000.0,259000.0,11439
2026-08-28 13:25:00+09:00,259250.0,259500.0,258500.0,259000.0,60885
2026-08-28 13:26:00+09:00,259500.0,259500.0,259000.0,259250.0,23370
2026-08-28 13:27:00+09:00,259000.0,259500.0,258500.0,259250.0,20553
2026-08-28 13:28:00+09:00,259250.0,259500.0,258500.0,258500.0,29382
2026-08-28 13:29:00+09:00,259500.0,259500.0,259000.0,259250.0,16397
2026-08-28 13:30:00+09:00,259000.0,259500.0,258500.0,259500.0,31243
2026-08-28 13:31:00+09:00,258500.0,259000.0,258500.0,259000.0,18678
2026-08-28 13:32:00+09:00,259000.0,259000.0,258500.0,258500.0,32923
2026-08-28 13:33:00+09:00,258500.0,259000.0,258500.0,259000.0,49045
2026-08-28 13:34:00+09:00,258000.0,258750.0,258000.0,258500.0,51908
2026-08-28 13:35:00+09:00,258500.0,259000.0,258000.0,258500.0,14581
2026-08-28 13:36:00+09:00,258750.0,259000.0,258500.0,258500.0,25923
2026-08-28 13:37:00+09:00,259000.0,259000.0,258500.0,258500.0,31451
2026-08-28 13:38:00+09:00,259000.0,259000.0,258500.0,258750.0,10414
2026-08-28 13:39:00+09:00,258750.0,259000.0,258500.0,259000.0,33707
2026-08-28 13:40:00+09:00,258500.0,259000.0,258500.0,258750.0,10733
2026-08-28 13:41:00+09:00,258750.0,259000.0,258500.0,258500.0,14941
2026-08-28 13:42:00+09:00,258500.0,259000.0,258500.0,258750.0,20864
2026-08-28 13:43:00+09:00,258750.0,259000.0,258500.0,258500.0,10001
2026-08-28 13:44:00+09:00,259000.0,259000.0,258500.0,259000.0,14020
2026-08-28 13:45:00+09:00,259000.0,259500.0,258500.0,258500.0,85091
2026-08-28 13:46:00+09:00,259250.0,259250.0,259000.0,259000.0,14816
2026-08-28 13:47:00+09:00,258750.0,259250.0,258500.0,259000.0,36177
2026-08-28 13:48:00+09:00,258750.0,259000.0,258500.0,258750.0,19016
2026-08-28 13:49:00+09:00,258750.0,259000.0,258500.0,258500.0,24121
2026-08-28 13:50:00+09:00,258250.0,258750.0,258000.0,258500.0,55362
2026-08-28 13:51:00+09:00,258750.0,259000.0,258000.0,258250.0,37877
2026-08-28 13:52:00+09:00,258750.0,259000.0,258500.0,259000.0,11349
2026-08-28 13:53:00+09:00,258500.0,259000.0,258000.0,258500.0,88081
2026-08-28 13:54:00+09:00,258750.0,259000.0,258000.0,258500.0,21532
2026-08-28 13:55:00+09:00,258500.0,259000.0,258500.0,258500.0,17980
2026-08-28 13:56:00+09:00,258750.0,259000.0,258500.0,258500.0,12831
2026-08-28 13:57:00+09:00,258500.0,259000.0,258000.0,258500.0,39287
2026-08-28 13:58:00+09:00,258000.0,258500.0,258000.0,258500.0,14885
2026-08-28 13:59:00+09:00,258250.0,258500.0,258000.0,258500.0,26063
2026-08-28 14:00:00+09:00,258000.0,258500.0,258000.0,258250.0,30420
2026-08-28 14:01:00+09:00,258500.0,258500.0,258000.0,258000.0,12450
2026-08-28 14:02:00+09:00,258250.0,258500.0,258000.0,258500.0,26332
2026-08-28 14:03:00+09:00,258500.0,258500.0,258000.0,258000.0,12500
2026-08-28 14:04:00+09:00,258500.0,258500.0,258000.0,258000.0,23155
2026-08-28 14:05:00+09:00,258250.0,258500.0,258000.0,258500.0,14305
2026-08-28 14:06:00+09:00,258000.0,258500.0,258000.0,258000.0,52036
2026-08-28 14:07:00+09:00,258000.0,258250.0,258000.0,258000.0,17709
2026-08-28 14:08:00+09:00,258000.0,258250.0,258000.0,258000.0,23064
2026-08-28 14:09:00+09:00,258000.0,258500.0,258000.0,258250.0,21814
2026-08-28 14:10:00+09:00,257500.0,258250.0,257500.0,258000.0,136943
2026-08-28 14:11:00+09:00,257500.0,257750.0,257500.0,257500.0,45916
2026-08-28 14:12:00+09:00,257250.0,257750.0,257000.0,257500.0,59213
2026-08-28 14:13:00+09:00,257750.0,258000.0,257000.0,257500.0,52075
2026-08-28 14:14:00+09:00,257750.0,258000.0,257500.0,257750.0,7809
2026-08-28 14:15:00+09:00,257500.0,258000.0,257500.0,257500.0,17765
2026-08-28 14:16:00+09:00,257500.0,257750.0,257000.0,257500.0,47205
2026-08-28 14:17:00+09:00,257000.0,257500.0,257000.0,257000.0,21397
2026-08-28 14:18:00+09:00,257000.0,257500.0,257000.0,257000.0,11880
2026-08-28 14:19:00+09:00,257250.0,257500.0,257000.0,257500.0,46788
2026-08-28 14:20:00+09:00,257250.0,257500.0,257000.0,257250.0,13544
2026-08-28 14:21:00+09:00,257000.0,257500.0,257000.0,257250.0,22283
2026-08-28 14:22:00+09:00,257500.0,257500.0,257000.0,257500.0,14452
2026-08-28 14:23:00+09:00,257000.0,258000.0,257000.0,257000.0,78095
2026-08-28 14:24:00+09:00,257500.0,258000.0,257000.0,257000.0,34932
2026-08-28 14:25:00+09:00,258500.0,259000.0,257500.0,258000.0,109759
2026-08-28 14:26:00+09:00,258000.0,259000.0,258000.0,258500.0,29310
2026-08-28 14:27:00+09:00,258000.0,258500.0,257500.0,258000.0,45096
2026-08-28 14:28:00+09:00,258000.0,258500.0,257500.0,257500.0,26392
2026-08-28 14:29:00+09:00,258000.0,258500.0,258000.0,258500.0,11706
2026-08-28 14:30:00+09:00,257500.0,258500.0,257500.0,258250.0,26881
2026-08-28 14:31:00+09:00,257750.0,258000.0,257500.0,257750.0,18486
2026-08-28 14:32:00+09:00,257750.0,257750.0,257500.0,257500.0,14810
2026-08-28 14:33:00+09:00,257500.0,258000.0,257000.0,257500.0,54905
2026-08-28 14:34:00+09:00,257500.0,258000.0,257000.0,257500.0,24589
2026-08-28 14:35:00+09:00,257250.0,257500.0,257000.0,257250.0,19919
2026-08-28 14:36:00+09:00,257250.0,257500.0,257000.0,257250.0,18049
2026-08-28 14:37:00+09:00,257250.0,257250.0,257000.0,257000.0,15453
2026-08-28 14:38:00+09:00,257000.0,257250.0,257000.0,257000.0,32330
2026-08-28 14:39:00+09:00,256500.0,257250.0,256500.0,257000.0,72256
2026-08-28 14:40:00+09:00,256500.0,257000.0,256500.0,256500.0,17607
2026-08-28 14:41:00+09:00,256500.0,257000.0,256500.0,257000.0,20715
2026-08-28 14:42:00+09:00,256500.0,257000.0,256500.0,256500.0,20251
2026-08-28 14:43:00+09:00,257000.0,257000.0,256500.0,256750.0,19072
2026-08-28 14:44:00+09:00,257000.0,257500.0,256500.0,256750.0,62704
2026-08-28 14:45:00+09:00,256750.0,257250.0,256500.0,257000.0,48589
2026-08-28 14:46:00+09:00,256750.0,257000.0,256500.0,256750.0,22744
2026-08-28 14:47:00+09:00,256500.0,257000.0,256500.0,256750.0,25104
2026-08-28 14:48:00+09:00,256500.0,257000.0,256500.0,256500.0,17297
2026-08-28 14:49:00+09:00,256750.0,257000.0,256500.0,256500.0,25001
2026-08-28 14:50:00+09:00,256500.0,257000.0,256500.0,256500.0,41940
2026-08-28 14:51:00+09:00,256750.0,257000.0,256500.0,257000.0,18619
2026-08-28 14:52:00+09:00,257250.0,257500.0,256500.0,256750.0,65536
2026-08-28 14:53:00+09:00,257000.0,257250.0,256500.0,257250.0,42825
2026-08-28 14:54:00+09:00,256500.0,257000.0,256500.0,256500.0,33407
2026-08-28 14:55:00+09:00,256500.0,257000.0,256500.0,256500.0,28493
2026-08-28 14:56:00+09:00,257000.0,257000.0,256500.0,256500.0,26246
2026-08-28 14:57:00+09:00,256500.0,257000.0,256500.0,256750.0,25021
2026-08-28 14:58:00+09:00,257000.0,257000.0,256500.0,256500.0,28412
2026-08-28 14:59:00+09:00,256500.0,257000.0,256500.0,256500.0,28220
2026-08-31 09:00:00+09:00,249000.0,250500.0,248500.0,249000.0,709867
2026-08-31 09:01:00+09:00,248000.0,249000.0,247500.0,249000.0,123386
2026-08-31 09:02:00+09:00,248500.0,249000.0,247500.0,248000.0,179545
2026-08-31 09:03:00+09:00,248000.0,249000.0,247500.0,249000.0,72341
2026-08-31 09:04:00+09:00,247000.0,248500.0,247000.0,247500.0,135141
2026-08-31 09:05:00+09:00,247000.0,247500.0,247000.0,247500.0,92323
2026-08-31 09:06:00+09:00,247000.0,247500.0,246000.0,247000.0,228861
2026-08-31 09:07:00+09:00,246500.0,247000.0,246000.0,247000.0,100036
2026-08-31 09:08:00+09:00,246750.0,247000.0,246000.0,246500.0,35172
2026-08-31 09:09:00+09:00,247500.0,248000.0,246500.0,246500.0,105533
2026-08-31 09:10:00+09:00,247750.0,248000.0,247000.0,247500.0,57399
2026-08-31 09:11:00+09:00,248500.0,248500.0,247500.0,247750.0,55232
2026-08-31 09:12:00+09:00,248500.0,249000.0,248000.0,248500.0,77936
2026-08-31 09:13:00+09:00,248500.0,249000.0,248250.0,248500.0,43162
2026-08-31 09:14:00+09:00,248750.0,249000.0,248000.0,249000.0,81787
2026-08-31 09:15:00+09:00,248750.0,249000.0,248500.0,248750.0,21271
2026-08-31 09:16:00+09:00,249500.0,250000.0,248500.0,248500.0,72828
2026-08-31 09:17:00+09:00,249500.0,250000.0,249000.0,249750.0,56261
2026-08-31 09:18:00+09:00,249500.0,249500.0,249000.0,249500.0,48847
2026-08-31 09:19:00+09:00,248500.0,249500.0,248500.0,249500.0,52754
2026-08-31 09:20:00+09:00,250000.0,250000.0,248500.0,249000.0,35218
2026-08-31 09:21:00+09:00,251000.0,251000.0,249500.0,249750.0,59189
2026-08-31 09:22:00+09:00,251000.0,251000.0,250000.0,251000.0,75162
2026-08-31 09:23:00+09:00,251000.0,251500.0,250500.0,250500.0,63887
2026-08-31 09:24:00+09:00,251250.0,251500.0,251000.0,251250.0,11008
2026-08-31 09:25:00+09:00,251500.0,251500.0,251000.0,251250.0,28227
2026-08-31 09:26:00+09:00,250750.0,251500.0,250500.0,251000.0,50598
2026-08-31 09:27:00+09:00,251250.0,251500.0,250500.0,250500.0,50820
2026-08-31 09:28:00+09:00,251250.0,251500.0,251000.0,251000.0,37479
2026-08-31 09:29:00+09:00,251250.0,251500.0,251000.0,251250.0,7578
2026-08-31 09:30:00+09:00,252500.0,252500.0,251000.0,251250.0,114065
2026-08-31 09:31:00+09:00,252500.0,252500.0,252000.0,252500.0,13541
2026-08-31 09:32:00+09:00,253000.0,253000.0,252000.0,252000.0,103912
2026-08-31 09:33:00+09:00,252750.0,253000.0,252000.0,253000.0,62801
2026-08-31 09:34:00+09:00,252250.0,253000.0,252000.0,252750.0,36563
2026-08-31 09:35:00+09:00,252500.0,252500.0,252000.0,252250.0,28714
2026-08-31 09:36:00+09:00,252000.0,253000.0,252000.0,252250.0,35427
2026-08-31 09:37:00+09:00,252500.0,252500.0,252000.0,252500.0,26658
2026-08-31 09:38:00+09:00,251500.0,252500.0,251500.0,252000.0,46492
2026-08-31 09:39:00+09:00,252000.0,252500.0,251000.0,251500.0,57941
2026-08-31 09:40:00+09:00,251500.0,252250.0,251500.0,252000.0,21724
2026-08-31 09:41:00+09:00,251750.0,252000.0,251500.0,251500.0,20785
2026-08-31 09:42:00+09:00,252750.0,253000.0,251750.0,251750.0,51840
2026-08-31 09:43:00+09:00,252000.0,253000.0,252000.0,252750.0,28152
2026-08-31 09:44:00+09:00,252250.0,252500.0,251500.0,252250.0,39904
2026-08-31 09:45:00+09:00,251000.0,252500.0,251000.0,252000.0,51647
2026-08-31 09:46:00+09:00,251000.0,251500.0,251000.0,251000.0,24171
2026-08-31 09:47:00+09:00,251250.0,251500.0,251000.0,251250.0,7843
2026-08-31 09:48:00+09:00,251000.0,251500.0,250500.0,251250.0,63318
2026-08-31 09:49:00+09:00,250750.0,251000.0,250500.0,250500.0,32278
2026-08-31 09:50:00+09:00,251750.0,252000.0,250500.0,250750.0,57767
2026-08-31 09:51:00+09:00,251500.0,252000.0,251000.0,251500.0,44551
2026-08-31 09:52:00+09:00,252250.0,252500.0,251000.0,251500.0,29594
2026-08-31 09:53:00+09:00,252000.0,253000.0,252000.0,252250.0,34316
2026-08-31 09:54:00+09:00,252500.0,252500.0,251500.0,252250.0,51616
2026-08-31 09:55:00+09:00,251750.0,252500.0,251500.0,252500.0,16980
2026-08-31 09:56:00+09:00,251000.0,251750.0,251000.0,251750.0,65772
2026-08-31 09:57:00+09:00,251000.0,251500.0,251000.0,251000.0,7850
2026-08-31 09:58:00+09:00,250500.0,251250.0,250500.0,251250.0,36700
2026-08-31 09:59:00+09:00,250250.0,251000.0,250000.0,250750.0,36767
2026-08-31 10:00:00+09:00,249500.0,251000.0,249000.0,250250.0,138889
2026-08-31 10:01:00+09:00,249000.0,249500.0,249000.0,249500.0,31076
2026-08-31 10:02:00+09:00,249250.0,249500.0,249000.0,249250.0,17587
2026-08-31 10:03:00+09:00,250000.0,250000.0,249000.0,249250.0,54432
2026-08-31 10:04:00+09:00,249500.0,250000.0,249000.0,250000.0,51918
2026-08-31 10:05:00+09:00,249750.0,250000.0,249000.0,249750.0,59580
2026-08-31 10:06:00+09:00,250000.0,250000.0,249000.0,249750.0,51820
2026-08-31 10:07:00+09:00,249750.0,250500.0,249000.0,250000.0,78081
2026-08-31 10:08:00+09:00,249750.0,250000.0,249500.0,249750.0,14638
2026-08-31 10:09:00+09:00,249500.0,250000.0,249000.0,250000.0,39714
2026-08-31 10:10:00+09:00,249250.0,250000.0,249000.0,249500.0,34550
2026-08-31 10:11:00+09:00,250000.0,250000.0,249250.0,249500.0,17111
2026-08-31 10:12:00+09:00,250500.0,250500.0,249500.0,249750.0,36232
2026-08-31 10:13:00+09:00,250250.0,250500.0,249500.0,250500.0,28772
2026-08-31 10:14:00+09:00,250250.0,251000.0,250000.0,250250.0,42818
2026-08-31 10:15:00+09:00,250000.0,250500.0,249500.0,250500.0,40154
2026-08-31 10:16:00+09:00,249750.0,250000.0,249500.0,250000.0,7491
2026-08-31 10:17:00+09:00,250000.0,251000.0,249500.0,250000.0,111701
2026-08-31 10:18:00+09:00,249500.0,250000.0,249000.0,250000.0,44569
2026-08-31 10:19:00+09:00,250000.0,250500.0,249000.0,249500.0,45623
2026-08-31 10:20:00+09:00,250000.0,250500.0,249500.0,250500.0,33122
2026-08-31 10:21:00+09:00,249500.0,250500.0,249000.0,250000.0,40002
2026-08-31 10:22:00+09:00,250000.0,250500.0,249000.0,249500.0,35051
2026-08-31 10:23:00+09:00,250000.0,251000.0,249500.0,250000.0,66411
2026-08-31 10:24:00+09:00,250500.0,251000.0,249500.0,249500.0,40892
2026-08-31 10:25:00+09:00,250250.0,251000.0,250000.0,250500.0,33425
2026-08-31 10:26:00+09:00,250500.0,251500.0,250000.0,250500.0,71190
2026-08-31 10:27:00+09:00,251500.0,251500.0,250500.0,250750.0,39812
2026-08-31 10:28:00+09:00,251750.0,252000.0,251000.0,251500.0,20926
2026-08-31 10:29:00+09:00,251750.0,252000.0,251500.0,251750.0,7279
2026-08-31 10:30:00+09:00,252000.0,252000.0,251500.0,251750.0,8562
2026-08-31 10:31:00+09:00,252250.0,252250.0,251750.0,252000.0,55167
2026-08-31 10:32:00+09:00,251750.0,252000.0,251500.0,252000.0,26545
2026-08-31 10:33:00+09:00,251500.0,252000.0,251000.0,251750.0,40889
2026-08-31 10:34:00+09:00,251500.0,252000.0,251000.0,251500.0,31805
2026-08-31 10:35:00+09:00,251250.0,251500.0,251000.0,251500.0,8918
2026-08-31 10:36:00+09:00,251000.0,251250.0,250000.0,251000.0,57184
2026-08-31 10:37:00+09:00,251000.0,251500.0,250500.0,250500.0,28108
2026-08-31 10:38:00+09:00,251000.0,252000.0,250500.0,251500.0,55887
2026-08-31 10:39:00+09:00,251250.0,251500.0,250500.0,251000.0,17364
2026-08-31 10:40:00+09:00,252000.0,252000.0,251000.0,251250.0,37775
2026-08-31 10:41:00+09:00,251000.0,252000.0,250500.0,251750.0,29816
2026-08-31 10:42:00+09:00,251000.0,251500.0,251000.0,251000.0,12596
2026-08-31 10:43:00+09:00,251000.0,251500.0,251000.0,251500.0,6406
2026-08-31 10:44:00+09:00,250500.0,251500.0,250000.0,251000.0,45279
2026-08-31 10:45:00+09:00,250500.0,250500.0,250000.0,250500.0,23660
2026-08-31 10:46:00+09:00,250500.0,251000.0,250000.0,250500.0,41784
2026-08-31 10:47:00+09:00,249500.0,250500.0,249500.0,250500.0,70616
2026-08-31 10:48:00+09:00,250000.0,250000.0,249500.0,249500.0,22746
2026-08-31 10:49:00+09:00,250500.0,251000.0,249750.0,250000.0,66066
2026-08-31 10:50:00+09:00,251000.0,251000.0,250000.0,250500.0,20662
2026-08-31 10:51:00+09:00,250500.0,251000.0,250500.0,250750.0,9927
2026-08-31 10:52:00+09:00,250500.0,251000.0,250000.0,250500.0,28693
2026-08-31 10:53:00+09:00,250250.0,250500.0,250000.0,250500.0,19427
2026-08-31 10:54:00+09:00,250500.0,251000.0,250000.0,250500.0,35735
2026-08-31 10:55:00+09:00,250000.0,250500.0,250000.0,250250.0,11163
2026-08-31 10:56:00+09:00,250500.0,251000.0,250000.0,250000.0,32915
2026-08-31 10:57:00+09:00,250500.0,250500.0,250000.0,250500.0,16692
2026-08-31 10:58:00+09:00,250500.0,250500.0,250000.0,250500.0,8679
2026-08-31 10:59:00+09:00,251000.0,251000.0,249500.0,250000.0,113747
2026-08-31 11:00:00+09:00,250750.0,251000.0,250000.0,250500.0,25449
2026-08-31 11:01:00+09:00,251500.0,252000.0,250750.0,250750.0,54475
2026-08-31 11:02:00+09:00,251500.0,252000.0,251000.0,251500.0,25536
2026-08-31 11:03:00+09:00,251000.0,251500.0,251000.0,251500.0,7528
2026-08-31 11:04:00+09:00,251500.0,252000.0,251000.0,251250.0,30284
2026-08-31 11:05:00+09:00,252000.0,252000.0,251500.0,251500.0,9721
2026-08-31 11:06:00+09:00,252250.0,252500.0,251500.0,251750.0,43838
2026-08-31 11:07:00+09:00,251750.0,252500.0,251500.0,252250.0,18830
2026-08-31 11:08:00+09:00,252000.0,252000.0,251500.0,251500.0,22489
2026-08-31 11:09:00+09:00,252000.0,252500.0,251500.0,252000.0,33511
2026-08-31 11:10:00+09:00,251750.0,252000.0,251500.0,251750.0,17998
2026-08-31 11:11:00+09:00,251750.0,252000.0,251500.0,251750.0,22311
2026-08-31 11:12:00+09:00,251500.0,252000.0,251500.0,252000.0,9479
2026-08-31 11:13:00+09:00,252000.0,252500.0,251500.0,251500.0,21437
2026-08-31 11:14:00+09:00,252250.0,252500.0,252000.0,252000.0,16778
2026-08-31 11:15:00+09:00,252000.0,252500.0,251500.0,252000.0,35490
2026-08-31 11:16:00+09:00,251500.0,252000.0,251500.0,251500.0,8754
2026-08-31 11:17:00+09:00,251500.0,252000.0,251500.0,252000.0,5087
2026-08-31 11:18:00+09:00,251250.0,252000.0,251000.0,252000.0,29376
2026-08-31 11:19:00+09:00,251250.0,251500.0,251000.0,251000.0,7080
2026-08-31 11:20:00+09:00,251500.0,251500.0,251000.0,251500.0,10385
2026-08-31 11:21:00+09:00,251000.0,251500.0,251000.0,251500.0,9759
2026-08-31 11:22:00+09:00,251000.0,251500.0,251000.0,251250.0,8002
2026-08-31 11:23:00+09:00,251000.0,251250.0,250500.0,251250.0,38248
2026-08-31 11:24:00+09:00,250500.0,251000.0,250500.0,251000.0,26609
2026-08-31 11:25:00+09:00,251000.0,251500.0,250500.0,250750.0,36688
2026-08-31 11:26:00+09:00,250750.0,251000.0,250500.0,250500.0,5330
2026-08-31 11:27:00+09:00,250500.0,251000.0,250500.0,250750.0,8804
2026-08-31 11:28:00+09:00,251500.0,251500.0,250500.0,250500.0,50253
2026-08-31 11:29:00+09:00,251500.0,252000.0,251000.0,251250.0,23878
2026-08-31 11:30:00+09:00,251000.0,251500.0,251000.0,251000.0,5885
2026-08-31 11:31:00+09:00,251250.0,251500.0,251000.0,251250.0,14448
2026-08-31 11:32:00+09:00,251000.0,251500.0,250500.0,251250.0,41332
2026-08-31 11:33:00+09:00,250500.0,251000.0,250500.0,250500.0,7690
2026-08-31 11:34:00+09:00,251000.0,251000.0,250500.0,250500.0,17920
2026-08-31 11:35:00+09:00,250500.0,251000.0,250500.0,250500.0,8770
2026-08-31 11:36:00+09:00,250750.0,251000.0,250500.0,250500.0,8084
2026-08-31 11:37:00+09:00,251000.0,251500.0,250500.0,250750.0,38103
2026-08-31 11:38:00+09:00,251000.0,251500.0,250500.0,250500.0,18324
2026-08-31 11:39:00+09:00,251000.0,251000.0,250500.0,251000.0,17290
2026-08-31 11:40:00+09:00,250500.0,251000.0,250500.0,251000.0,7400
2026-08-31 11:41:00+09:00,250500.0,251000.0,250500.0,250750.0,12320
2026-08-31 11:42:00+09:00,250750.0,250750.0,250500.0,250750.0,5768
2026-08-31 11:43:00+09:00,250500.0,251500.0,250500.0,250500.0,34133
2026-08-31 11:44:00+09:00,251000.0,251000.0,250500.0,250500.0,6132
2026-08-31 11:45:00+09:00,251000.0,251750.0,250750.0,251000.0,42226
2026-08-31 11:46:00+09:00,251500.0,252000.0,251000.0,251000.0,21706
2026-08-31 11:47:00+09:00,251750.0,252000.0,251000.0,251000.0,19502
2026-08-31 11:48:00+09:00,251500.0,252000.0,251000.0,252000.0,62121
2026-08-31 11:49:00+09:00,251250.0,251500.0,251000.0,251250.0,5799
2026-08-31 11:50:00+09:00,251250.0,251500.0,251000.0,251250.0,12628
2026-08-31 11:51:00+09:00,251500.0,251500.0,251000.0,251250.0,6520
2026-08-31 11:52:00+09:00,251000.0,251500.0,251000.0,251250.0,9359
2026-08-31 11:53:00+09:00,251000.0,251500.0,251000.0,251250.0,16845
2026-08-31 11:54:00+09:00,251500.0,252000.0,251000.0,251000.0,38937
2026-08-31 11:55:00+09:00,251000.0,252000.0,251000.0,251500.0,7224
2026-08-31 11:56:00+09:00,251000.0,251500.0,251000.0,251000.0,8742
2026-08-31 11:57:00+09:00,251750.0,252000.0,251000.0,251000.0,34335
2026-08-31 11:58:00+09:00,252500.0,252500.0,251500.0,251750.0,37179
2026-08-31 11:59:00+09:00,252500.0,252500.0,252000.0,252250.0,5607
2026-08-31 12:00:00+09:00,252500.0,253000.0,252250.0,252250.0,68894
2026-08-31 12:01:00+09:00,252750.0,253000.0,252500.0,252750.0,9187
2026-08-31 12:02:00+09:00,253000.0,253000.0,252500.0,252500.0,11511
2026-08-31 12:03:00+09:00,252750.0,253000.0,252500.0,253000.0,5821
2026-08-31 12:04:00+09:00,252750.0,253000.0,252500.0,253000.0,22673
2026-08-31 12:05:00+09:00,253000.0,253000.0,252500.0,252750.0,11480
2026-08-31 12:06:00+09:00,253000.0,253000.0,252500.0,252750.0,18446
2026-08-31 12:07:00+09:00,252500.0,253000.0,252500.0,252750.0,21169
2026-08-31 12:08:00+09:00,253250.0,253500.0,252500.0,252500.0,47581
2026-08-31 12:09:00+09:00,254000.0,254000.0,253250.0,253500.0,44116
2026-08-31 12:10:00+09:00,254000.0,254500.0,253500.0,254000.0,56796
2026-08-31 12:11:00+09:00,254000.0,254500.0,253750.0,253750.0,47027
2026-08-31 12:12:00+09:00,254000.0,254500.0,253500.0,254000.0,39134
2026-08-31 12:13:00+09:00,254500.0,254500.0,253500.0,253750.0,13125
2026-08-31 12:14:00+09:00,254500.0,255000.0,253500.0,254250.0,87892
2026-08-31 12:15:00+09:00,253750.0,254500.0,253500.0,254000.0,9981
2026-08-31 12:16:00+09:00,253250.0,254000.0,253000.0,253500.0,30242
2026-08-31 12:17:00+09:00,253500.0,253500.0,253000.0,253250.0,13001
2026-08-31 12:18:00+09:00,253250.0,254000.0,253000.0,253250.0,25271
2026-08-31 12:19:00+09:00,253250.0,253500.0,253000.0,253250.0,6351
2026-08-31 12:20:00+09:00,253500.0,253500.0,253000.0,253000.0,21432
2026-08-31 12:21:00+09:00,253250.0,253500.0,253000.0,253000.0,7059
2026-08-31 12:22:00+09:00,253500.0,253500.0,253000.0,253500.0,5876
2026-08-31 12:23:00+09:00,253750.0,254000.0,253250.0,253250.0,35134
2026-08-31 12:24:00+09:00,253250.0,253750.0,253000.0,253500.0,24763
2026-08-31 12:25:00+09:00,253500.0,253500.0,253000.0,253500.0,21696
2026-08-31 12:26:00+09:00,253250.0,254000.0,253000.0,253000.0,16026
2026-08-31 12:27:00+09:00,253250.0,254000.0,253000.0,253500.0,33991
2026-08-31 12:28:00+09:00,253250.0,253250.0,253000.0,253000.0,5165
2026-08-31 12:29:00+09:00,252750.0,253500.0,252500.0,253000.0,45880
2026-08-31 12:30:00+09:00,252750.0,253000.0,252500.0,252500.0,16791
2026-08-31 12:31:00+09:00,252500.0,252750.0,251500.0,252500.0,56701
2026-08-31 12:32:00+09:00,252250.0,252500.0,252000.0,252250.0,9161
2026-08-31 12:33:00+09:00,252500.0,252500.0,252000.0,252250.0,6772
2026-08-31 12:34:00+09:00,252250.0,253000.0,252000.0,252250.0,30476
2026-08-31 12:35:00+09:00,252500.0,252500.0,252000.0,252500.0,15076
2026-08-31 12:36:00+09:00,252500.0,252500.0,252000.0,252500.0,17872
2026-08-31 12:37:00+09:00,252500.0,253000.0,252000.0,252500.0,21365
2026-08-31 12:38:00+09:00,252500.0,252750.0,252000.0,252500.0,33580
2026-08-31 12:39:00+09:00,252500.0,253000.0,252500.0,252500.0,15533
2026-08-31 12:40:00+09:00,252500.0,253000.0,252500.0,252500.0,4504
2026-08-31 12:41:00+09:00,252500.0,253000.0,252500.0,252750.0,17249
2026-08-31 12:42:00+09:00,252500.0,253000.0,252500.0,252500.0,5655
2026-08-31 12:43:00+09:00,252500.0,253000.0,252000.0,253000.0,35347
2026-08-31 12:44:00+09:00,252250.0,253000.0,252000.0,252500.0,38775
2026-08-31 12:45:00+09:00,252500.0,253000.0,252000.0,252000.0,14623
2026-08-31 12:46:00+09:00,252500.0,253000.0,252000.0,252250.0,17190
2026-08-31 12:47:00+09:00,252250.0,252750.0,252000.0,252500.0,10353
2026-08-31 12:48:00+09:00,252000.0,252500.0,252000.0,252500.0,19891
2026-08-31 12:49:00+09:00,252500.0,252500.0,252000.0,252500.0,5825
2026-08-31 12:50:00+09:00,252500.0,253000.0,252000.0,252000.0,24752
2026-08-31 12:51:00+09:00,252500.0,252750.0,252000.0,252500.0,28382
2026-08-31 12:52:00+09:00,252000.0,252500.0,252000.0,252250.0,4152
2026-08-31 12:53:00+09:00,252000.0,252250.0,252000.0,252250.0,6944
2026-08-31 12:54:00+09:00,252000.0,252250.0,252000.0,252000.0,3596
2026-08-31 12:55:00+09:00,252000.0,252500.0,252000.0,252250.0,8386
2026-08-31 12:56:00+09:00,252000.0,252500.0,252000.0,252000.0,7224
2026-08-31 12:57:00+09:00,252500.0,252500.0,252000.0,252500.0,7442
2026-08-31 12:58:00+09:00,252250.0,252500.0,252000.0,252000.0,8444
2026-08-31 12:59:00+09:00,252000.0,252500.0,252000.0,252000.0,7890
2026-08-31 13:00:00+09:00,252500.0,252500.0,252000.0,252000.0,14697
2026-08-31 13:01:00+09:00,251750.0,252500.0,251000.0,252500.0,93061
2026-08-31 13:02:00+09:00,251750.0,251750.0,251500.0,251750.0,9274
2026-08-31 13:03:00+09:00,251500.0,251750.0,251500.0,251500.0,7888
2026-08-31 13:04:00+09:00,251750.0,251750.0,251500.0,251500.0,13040
2026-08-31 13:05:00+09:00,251750.0,252000.0,251000.0,251750.0,47993
2026-08-31 13:06:00+09:00,251750.0,252000.0,251500.0,251500.0,7971
2026-08-31 13:07:00+09:00,252000.0,252000.0,251500.0,252000.0,17793
2026-08-31 13:08:00+09:00,251750.0,252000.0,251500.0,251750.0,9780
2026-08-31 13:09:00+09:00,252250.0,252500.0,251750.0,252000.0,17103
2026-08-31 13:10:00+09:00,252000.0,252500.0,251500.0,252250.0,21969
2026-08-31 13:11:00+09:00,252000.0,252500.0,252000.0,252250.0,15571
2026-08-31 13:12:00+09:00,251250.0,252250.0,251000.0,252250.0,40782
2026-08-31 13:13:00+09:00,251750.0,252000.0,251000.0,251250.0,14324
2026-08-31 13:14:00+09:00,252000.0,252500.0,251750.0,251750.0,20226
2026-08-31 13:15:00+09:00,252000.0,252250.0,251500.0,252000.0,16212
2026-08-31 13:16:00+09:00,252500.0,253000.0,251750.0,251750.0,24678
2026-08-31 13:17:00+09:00,252500.0,253000.0,252000.0,252500.0,11428
2026-08-31 13:18:00+09:00,252750.0,252750.0,252500.0,252500.0,6910
2026-08-31 13:19:00+09:00,252500.0,252750.0,252500.0,252750.0,4743
2026-08-31 13:20:00+09:00,252500.0,252750.0,252500.0,252750.0,5927
2026-08-31 13:21:00+09:00,252500.0,252750.0,252000.0,252750.0,42211
2026-08-31 13:22:00+09:00,252500.0,252500.0,252250.0,252500.0,10367
2026-08-31 13:23:00+09:00,252250.0,252750.0,252000.0,252250.0,20727
2026-08-31 13:24:00+09:00,252250.0,252500.0,252000.0,252500.0,8460
2026-08-31 13:25:00+09:00,252750.0,253000.0,252250.0,252250.0,25183
2026-08-31 13:26:00+09:00,252750.0,253000.0,252000.0,252750.0,58273
2026-08-31 13:27:00+09:00,252500.0,253000.0,252500.0,253000.0,5829
2026-08-31 13:28:00+09:00,252750.0,252750.0,252500.0,252750.0,5072
2026-08-31 13:29:00+09:00,252500.0,253000.0,252500.0,252750.0,9168
2026-08-31 13:30:00+09:00,252250.0,252750.0,252000.0,252500.0,71828
2026-08-31 13:31:00+09:00,251750.0,252500.0,251500.0,252250.0,20326
2026-08-31 13:32:00+09:00,252250.0,252500.0,251500.0,251500.0,37067
2026-08-31 13:33:00+09:00,252000.0,252250.0,252000.0,252000.0,8898
2026-08-31 13:34:00+09:00,252250.0,252500.0,251500.0,252000.0,9237
2026-08-31 13:35:00+09:00,252250.0,252500.0,252000.0,252250.0,7802
2026-08-31 13:36:00+09:00,252500.0,253000.0,252250.0,252500.0,38963
2026-08-31 13:37:00+09:00,253000.0,253500.0,252500.0,252500.0,49387
2026-08-31 13:38:00+09:00,253750.0,254000.0,253000.0,253000.0,26284
2026-08-31 13:39:00+09:00,254000.0,254500.0,253500.0,254000.0,31517
2026-08-31 13:40:00+09:00,253500.0,254500.0,253500.0,254000.0,28786
2026-08-31 13:41:00+09:00,253750.0,254000.0,253500.0,253500.0,23827
2026-08-31 13:42:00+09:00,253500.0,254000.0,253500.0,254000.0,7640
2026-08-31 13:43:00+09:00,253500.0,254000.0,253000.0,253500.0,63690
2026-08-31 13:44:00+09:00,254000.0,254000.0,253500.0,253500.0,24463
2026-08-31 13:45:00+09:00,253500.0,254000.0,253500.0,253750.0,10713
2026-08-31 13:46:00+09:00,253750.0,254000.0,253500.0,253750.0,7338
2026-08-31 13:47:00+09:00,253500.0,254000.0,253500.0,253750.0,6874
2026-08-31 13:48:00+09:00,253250.0,253750.0,252500.0,253750.0,68977
2026-08-31 13:49:00+09:00,253000.0,253500.0,253000.0,253000.0,13071
2026-08-31 13:50:00+09:00,253750.0,254000.0,253000.0,253250.0,22406
2026-08-31 13:51:00+09:00,254500.0,254500.0,253500.0,253750.0,40402
2026-08-31 13:52:00+09:00,254500.0,254500.0,254000.0,254000.0,7718
2026-08-31 13:53:00+09:00,255500.0,255500.0,254250.0,254500.0,99903
2026-08-31 13:54:00+09:00,255750.0,256000.0,255000.0,255500.0,41274
2026-08-31 13:55:00+09:00,255500.0,256000.0,255500.0,255500.0,19383
2026-08-31 13:56:00+09:00,256000.0,256500.0,255500.0,255500.0,56783
2026-08-31 13:57:00+09:00,256250.0,256500.0,256000.0,256000.0,28728
2026-08-31 13:58:00+09:00,256000.0,256500.0,256000.0,256250.0,26269
2026-08-31 13:59:00+09:00,255500.0,256250.0,255500.0,256250.0,23521
2026-08-31 14:00:00+09:00,255750.0,255750.0,255500.0,255500.0,10905
2026-08-31 14:01:00+09:00,256000.0,256000.0,255500.0,255750.0,39344
2026-08-31 14:02:00+09:00,256000.0,256000.0,255500.0,255750.0,5889
2026-08-31 14:03:00+09:00,255500.0,256000.0,255500.0,256000.0,13900
2026-08-31 14:04:00+09:00,255750.0,256000.0,255500.0,255750.0,9589
2026-08-31 14:05:00+09:00,256500.0,256500.0,255750.0,256000.0,68505
2026-08-31 14:06:00+09:00,256500.0,256500.0,256000.0,256250.0,23589
2026-08-31 14:07:00+09:00,256750.0,257000.0,256000.0,256500.0,61775
2026-08-31 14:08:00+09:00,257250.0,257750.0,256500.0,256500.0,116934
2026-08-31 14:09:00+09:00,257000.0,257500.0,256500.0,257250.0,54240
2026-08-31 14:10:00+09:00,256500.0,257000.0,256000.0,257000.0,38058
2026-08-31 14:11:00+09:00,256500.0,256500.0,256000.0,256000.0,40131
2026-08-31 14:12:00+09:00,257000.0,257000.0,256500.0,256500.0,27566
2026-08-31 14:13:00+09:00,257250.0,257500.0,256500.0,257000.0,33184
2026-08-31 14:14:00+09:00,257000.0,258000.0,257000.0,257500.0,55203
2026-08-31 14:15:00+09:00,257500.0,257500.0,257000.0,257500.0,13722
2026-08-31 14:16:00+09:00,257500.0,258000.0,257000.0,257500.0,64549
2026-08-31 14:17:00+09:00,257750.0,258000.0,257000.0,257000.0,18494
2026-08-31 14:18:00+09:00,257500.0,258000.0,257500.0,257750.0,23505
2026-08-31 14:19:00+09:00,257250.0,257750.0,257000.0,257750.0,41561
2026-08-31 14:20:00+09:00,257250.0,257500.0,257000.0,257250.0,32771
2026-08-31 14:21:00+09:00,257000.0,257500.0,257000.0,257000.0,11415
2026-08-31 14:22:00+09:00,257500.0,257500.0,256500.0,257250.0,144307
2026-08-31 14:23:00+09:00,257250.0,257500.0,257000.0,257250.0,11825
2026-08-31 14:24:00+09:00,257250.0,257500.0,257000.0,257250.0,34532
2026-08-31 14:25:00+09:00,258250.0,258500.0,257250.0,257500.0,57623
2026-08-31 14:26:00+09:00,258750.0,259000.0,258250.0,258250.0,56687
2026-08-31 14:27:00+09:00,258250.0,259000.0,258000.0,258750.0,62000
2026-08-31 14:28:00+09:00,258500.0,258500.0,258000.0,258500.0,34679
2026-08-31 14:29:00+09:00,258500.0,258500.0,258000.0,258500.0,13316
2026-08-31 14:30:00+09:00,258000.0,258500.0,258000.0,258500.0,25430
2026-08-31 14:31:00+09:00,257000.0,258500.0,257000.0,258250.0,62688
2026-08-31 14:32:00+09:00,256750.0,257500.0,256500.0,257000.0,44138
2026-08-31 14:33:00+09:00,256500.0,257000.0,256500.0,257000.0,9517
2026-08-31 14:34:00+09:00,256750.0,257000.0,256500.0,256500.0,19126
2026-08-31 14:35:00+09:00,257000.0,257000.0,256500.0,256750.0,22532
2026-08-31 14:36:00+09:00,256750.0,257500.0,256500.0,256750.0,34931
2026-08-31 14:37:00+09:00,256750.0,257000.0,256500.0,256750.0,14698
2026-08-31 14:38:00+09:00,256750.0,257000.0,256750.0,256750.0,10416
2026-08-31 14:39:00+09:00,256500.0,257000.0,256500.0,256750.0,21123
2026-08-31 14:40:00+09:00,256000.0,256750.0,256000.0,256750.0,39867
2026-08-31 14:41:00+09:00,256250.0,256500.0,256000.0,256250.0,18652
2026-08-31 14:42:00+09:00,257000.0,257500.0,256250.0,256250.0,61802
2026-08-31 14:43:00+09:00,257000.0,257500.0,256250.0,257000.0,50801
2026-08-31 14:44:00+09:00,257500.0,258000.0,256500.0,256500.0,68196
2026-08-31 14:45:00+09:00,257250.0,257750.0,257000.0,257500.0,24295
2026-08-31 14:46:00+09:00,257500.0,258000.0,257000.0,257500.0,53541
2026-08-31 14:47:00+09:00,257500.0,258000.0,257000.0,257500.0,29516
2026-08-31 14:48:00+09:00,257500.0,258000.0,257000.0,257500.0,24952
2026-08-31 14:49:00+09:00,257250.0,257750.0,257000.0,257500.0,23942
2026-08-31 14:50:00+09:00,257250.0,257500.0,257000.0,257000.0,29381
2026-08-31 14:51:00+09:00,256500.0,257500.0,256000.0,257000.0,109391
2026-08-31 14:52:00+09:00,256500.0,257000.0,256500.0,256500.0,13381
2026-08-31 14:53:00+09:00,256500.0,257000.0,256500.0,256500.0,9993
2026-08-31 14:54:00+09:00,256250.0,257000.0,256000.0,256500.0,21967
2026-08-31 14:55:00+09:00,256000.0,256500.0,256000.0,256250.0,14178
2026-08-31 14:56:00+09:00,256500.0,256500.0,255500.0,256250.0,56123
2026-08-31 14:57:00+09:00,256000.0,256500.0,256000.0,256250.0,12553
2026-08-31 14:58:00+09:00,256000.0,256500.0,256000.0,256250.0,14445
2026-08-31 14:59:00+09:00,256250.0,256500.0,256000.0,256250.0,49786
2026-09-01 09:00:00+09:00,256750.0,257500.0,256000.0,256500.0,407420
2026-09-01 09:01:00+09:00,256500.0,257750.0,256000.0,256750.0,142018
2026-09-01 09:02:00+09:00,257000.0,257000.0,256000.0,256500.0,51432
2026-09-01 09:03:00+09:00,256500.0,257500.0,256000.0,256500.0,120348
2026-09-01 09:04:00+09:00,257000.0,257000.0,256000.0,256500.0,52047
2026-09-01 09:05:00+09:00,256250.0,257000.0,256000.0,256500.0,65403
2026-09-01 09:06:00+09:00,255250.0,256500.0,255000.0,256250.0,90917
2026-09-01 09:07:00+09:00,256250.0,256500.0,255000.0,255250.0,56791
2026-09-01 09:08:00+09:00,256750.0,257000.0,256250.0,256500.0,68305
2026-09-01 09:09:00+09:00,256500.0,257000.0,256000.0,256750.0,53881
2026-09-01 09:10:00+09:00,255500.0,257000.0,255000.0,257000.0,81842
2026-09-01 09:11:00+09:00,255250.0,255750.0,255000.0,255500.0,49563
2026-09-01 09:12:00+09:00,255000.0,255500.0,254500.0,255250.0,92349
2026-09-01 09:13:00+09:00,254500.0,255250.0,254500.0,255000.0,51809
2026-09-01 09:14:00+09:00,254250.0,255000.0,254000.0,254500.0,50258
2026-09-01 09:15:00+09:00,255000.0,255500.0,254000.0,254250.0,84021
2026-09-01 09:16:00+09:00,255250.0,255500.0,254500.0,255000.0,38820
2026-09-01 09:17:00+09:00,255750.0,256500.0,255000.0,255250.0,48037
2026-09-01 09:18:00+09:00,255500.0,256000.0,255000.0,255750.0,51366
2026-09-01 09:19:00+09:00,255750.0,256000.0,255500.0,255500.0,21194
2026-09-01 09:20:00+09:00,255250.0,256000.0,255000.0,255500.0,34150
2026-09-01 09:21:00+09:00,255000.0,255500.0,255000.0,255250.0,14153
2026-09-01 09:22:00+09:00,255250.0,256000.0,255000.0,255000.0,48540
2026-09-01 09:23:00+09:00,255500.0,256000.0,255250.0,255500.0,23218
2026-09-01 09:24:00+09:00,256000.0,256000.0,255500.0,255750.0,10962
2026-09-01 09:25:00+09:00,256500.0,257000.0,255500.0,256000.0,87071
2026-09-01 09:26:00+09:00,257500.0,257500.0,256500.0,256500.0,57938
2026-09-01 09:27:00+09:00,256750.0,257500.0,256500.0,257500.0,42698
2026-09-01 09:28:00+09:00,256750.0,257500.0,256250.0,257000.0,70371
2026-09-01 09:29:00+09:00,257000.0,257500.0,256000.0,257000.0,54760
2026-09-01 09:30:00+09:00,257750.0,258000.0,256500.0,256500.0,39268
2026-09-01 09:31:00+09:00,257750.0,258000.0,257000.0,257500.0,56308
2026-09-01 09:32:00+09:00,257000.0,258000.0,256500.0,257750.0,98147
2026-09-01 09:33:00+09:00,256750.0,257000.0,256000.0,257000.0,43679
2026-09-01 09:34:00+09:00,256750.0,257000.0,256000.0,256750.0,41296
2026-09-01 09:35:00+09:00,256750.0,257000.0,256250.0,256750.0,31958
2026-09-01 09:36:00+09:00,257000.0,257500.0,256500.0,256500.0,35153
2026-09-01 09:37:00+09:00,257500.0,258000.0,257000.0,257500.0,26574
2026-09-01 09:38:00+09:00,257000.0,257500.0,257000.0,257500.0,5061
2026-09-01 09:39:00+09:00,257000.0,257500.0,256500.0,257500.0,35403
2026-09-01 09:40:00+09:00,257500.0,257500.0,256500.0,257000.0,31918
2026-09-01 09:41:00+09:00,258000.0,258000.0,257000.0,257250.0,20760
2026-09-01 09:42:00+09:00,258500.0,258500.0,257500.0,258000.0,64725
2026-09-01 09:43:00+09:00,258750.0,259000.0,258000.0,258500.0,66108
2026-09-01 09:44:00+09:00,258500.0,259000.0,258000.0,258750.0,32862
2026-09-01 09:45:00+09:00,258750.0,259000.0,258000.0,258500.0,24144
2026-09-01 09:46:00+09:00,259000.0,259000.0,258000.0,258750.0,71710
2026-09-01 09:47:00+09:00,259000.0,259000.0,258500.0,259000.0,20080
2026-09-01 09:48:00+09:00,258750.0,259000.0,258000.0,258500.0,65649
2026-09-01 09:49:00+09:00,258500.0,259000.0,258000.0,258750.0,46326
2026-09-01 09:50:00+09:00,258000.0,259000.0,257500.0,258500.0,51701
2026-09-01 09:51:00+09:00,257500.0,258500.0,257000.0,258000.0,67049
2026-09-01 09:52:00+09:00,257500.0,258000.0,257000.0,257500.0,26406
2026-09-01 09:53:00+09:00,257750.0,258000.0,257000.0,257250.0,45492
2026-09-01 09:54:00+09:00,258000.0,258000.0,257500.0,257500.0,15543
2026-09-01 09:55:00+09:00,257500.0,258000.0,257000.0,257750.0,30156
2026-09-01 09:56:00+09:00,257750.0,258000.0,257000.0,257500.0,23947
2026-09-01 09:57:00+09:00,259000.0,259000.0,257500.0,257500.0,29772
2026-09-01 09:58:00+09:00,258500.0,259000.0,258500.0,258500.0,12571
2026-09-01 09:59:00+09:00,260250.0,261000.0,258500.0,258500.0,183559
2026-09-01 10:00:00+09:00,261750.0,262000.0,260250.0,260250.0,147361
2026-09-01 10:01:00+09:00,261750.0,262500.0,261500.0,261750.0,172539
2026-09-01 10:02:00+09:00,260500.0,262000.0,260500.0,261750.0,34107
2026-09-01 10:03:00+09:00,260750.0,261000.0,260500.0,260500.0,29145
2026-09-01 10:04:00+09:00,260750.0,261000.0,260500.0,260500.0,7630
2026-09-01 10:05:00+09:00,261000.0,261500.0,260500.0,261000.0,47295
2026-09-01 10:06:00+09:00,260000.0,261500.0,259500.0,261500.0,73696
2026-09-01 10:07:00+09:00,260250.0,260500.0,260000.0,260250.0,18097
2026-09-01 10:08:00+09:00,260750.0,261000.0,260000.0,260000.0,37954
2026-09-01 10:09:00+09:00,260500.0,260750.0,260000.0,260500.0,28400
2026-09-01 10:10:00+09:00,260500.0,260500.0,260000.0,260250.0,37844
2026-09-01 10:11:00+09:00,260000.0,261000.0,260000.0,260500.0,24603
2026-09-01 10:12:00+09:00,259500.0,260250.0,259500.0,260000.0,45636
2026-09-01 10:13:00+09:00,259250.0,259500.0,259000.0,259500.0,38524
2026-09-01 10:14:00+09:00,259500.0,260000.0,259000.0,259500.0,26710
2026-09-01 10:15:00+09:00,259500.0,259500.0,259000.0,259500.0,25441
2026-09-01 10:16:00+09:00,260250.0,260500.0,259000.0,259500.0,29343
2026-09-01 10:17:00+09:00,260250.0,260500.0,259500.0,260250.0,38302
2026-09-01 10:18:00+09:00,261000.0,261500.0,260000.0,260500.0,45170
2026-09-01 10:19:00+09:00,261000.0,261500.0,260500.0,261000.0,36906
2026-09-01 10:20:00+09:00,260750.0,261500.0,260500.0,261000.0,32978
2026-09-01 10:21:00+09:00,260250.0,261000.0,260000.0,260750.0,25321
2026-09-01 10:22:00+09:00,260500.0,260500.0,260000.0,260250.0,12555
2026-09-01 10:23:00+09:00,260000.0,260500.0,260000.0,260500.0,2926
2026-09-01 10:24:00+09:00,259250.0,260500.0,259000.0,260000.0,52066
2026-09-01 10:25:00+09:00,258500.0,259500.0,258000.0,259250.0,88831
2026-09-01 10:26:00+09:00,258750.0,259000.0,258000.0,258500.0,33646
2026-09-01 10:27:00+09:00,258500.0,258750.0,258000.0,258500.0,16656
2026-09-01 10:28:00+09:00,258750.0,259000.0,258000.0,258250.0,26603
2026-09-01 10:29:00+09:00,258500.0,259000.0,258000.0,258750.0,30383
2026-09-01 10:30:00+09:00,258500.0,259000.0,258000.0,259000.0,23217
2026-09-01 10:31:00+09:00,259250.0,259250.0,257500.0,258500.0,74251
2026-09-01 10:32:00+09:00,259500.0,259500.0,259000.0,259250.0,4523
2026-09-01 10:33:00+09:00,258750.0,259500.0,258500.0,259500.0,31442
2026-09-01 10:34:00+09:00,259000.0,259500.0,258500.0,258750.0,36484
2026-09-01 10:35:00+09:00,259250.0,259500.0,259000.0,259000.0,6548
2026-09-01 10:36:00+09:00,259500.0,260000.0,259000.0,259500.0,58700
2026-09-01 10:37:00+09:00,259000.0,260000.0,259000.0,259250.0,24649
2026-09-01 10:38:00+09:00,259500.0,259750.0,258500.0,259250.0,55676
2026-09-01 10:39:00+09:00,259000.0,260000.0,259000.0,259250.0,36241
2026-09-01 10:40:00+09:00,259250.0,259500.0,259000.0,259250.0,19138
2026-09-01 10:41:00+09:00,259250.0,260000.0,259000.0,259250.0,18696
2026-09-01 10:42:00+09:00,260000.0,260000.0,259250.0,259250.0,21440
2026-09-01 10:43:00+09:00,260500.0,261000.0,259750.0,259750.0,55880
2026-09-01 10:44:00+09:00,260500.0,261000.0,260000.0,260500.0,16166
2026-09-01 10:45:00+09:00,260500.0,261000.0,260000.0,260500.0,21515
2026-09-01 10:46:00+09:00,260250.0,260500.0,260000.0,260500.0,6850
2026-09-01 10:47:00+09:00,260250.0,260500.0,259500.0,260250.0,69470
2026-09-01 10:48:00+09:00,260250.0,260500.0,260000.0,260500.0,5413
2026-09-01 10:49:00+09:00,260250.0,260500.0,260000.0,260500.0,17109
2026-09-01 10:50:00+09:00,260250.0,260250.0,260000.0,260250.0,8254
2026-09-01 10:51:00+09:00,260250.0,260250.0,260000.0,260250.0,11899
2026-09-01 10:52:00+09:00,259500.0,260500.0,259000.0,260250.0,60194
2026-09-01 10:53:00+09:00,259000.0,259500.0,258500.0,259500.0,14630
2026-09-01 10:54:00+09:00,259000.0,259500.0,258500.0,258750.0,57441
2026-09-01 10:55:00+09:00,258250.0,258500.0,258000.0,258500.0,20383
2026-09-01 10:56:00+09:00,258250.0,258500.0,258000.0,258250.0,11414
2026-09-01 10:57:00+09:00,258500.0,258500.0,258000.0,258250.0,17544
2026-09-01 10:58:00+09:00,258500.0,258500.0,258000.0,258500.0,7336
2026-09-01 10:59:00+09:00,258250.0,258500.0,258000.0,258500.0,16962
2026-09-01 11:00:00+09:00,259000.0,259000.0,258000.0,258250.0,21977
2026-09-01 11:01:00+09:00,258250.0,259000.0,258000.0,258750.0,44574
2026-09-01 11:02:00+09:00,258250.0,258500.0,258000.0,258250.0,4602
2026-09-01 11:03:00+09:00,259000.0,259000.0,258000.0,258500.0,33923
2026-09-01 11:04:00+09:00,258750.0,259000.0,258500.0,258750.0,6035
2026-09-01 11:05:00+09:00,258000.0,259000.0,258000.0,258750.0,22040
2026-09-01 11:06:00+09:00,258500.0,258500.0,258000.0,258500.0,4510
2026-09-01 11:07:00+09:00,258250.0,258500.0,258000.0,258250.0,3916
2026-09-01 11:08:00+09:00,258750.0,259000.0,258250.0,258500.0,47070
2026-09-01 11:09:00+09:00,259000.0,259500.0,258500.0,259000.0,17968
2026-09-01 11:10:00+09:00,259000.0,259000.0,258500.0,259000.0,3108
2026-09-01 11:11:00+09:00,259000.0,259500.0,258750.0,259000.0,35122
2026-09-01 11:12:00+09:00,259500.0,259500.0,259000.0,259500.0,4251
2026-09-01 11:13:00+09:00,259500.0,259750.0,259000.0,259500.0,32243
2026-09-01 11:14:00+09:00,259500.0,259500.0,259250.0,259250.0,4015
2026-09-01 11:15:00+09:00,260000.0,260000.0,259250.0,259500.0,29834
2026-09-01 11:16:00+09:00,259500.0,260000.0,259500.0,259750.0,4927
2026-09-01 11:17:00+09:00,260000.0,260000.0,259500.0,259500.0,14887
2026-09-01 11:18:00+09:00,259750.0,260000.0,259500.0,259500.0,13745
2026-09-01 11:19:00+09:00,259750.0,260000.0,259500.0,259500.0,6022
2026-09-01 11:20:00+09:00,260000.0,260000.0,259500.0,259750.0,13021
2026-09-01 11:21:00+09:00,259750.0,260000.0,259500.0,259750.0,6570
2026-09-01 11:22:00+09:00,260000.0,260000.0,259500.0,259750.0,26185
2026-09-01 11:23:00+09:00,259250.0,260000.0,259000.0,259500.0,36356
2026-09-01 11:24:00+09:00,259250.0,259500.0,259000.0,259500.0,4380
2026-09-01 11:25:00+09:00,258750.0,259500.0,258500.0,259500.0,37011
2026-09-01 11:26:00+09:00,259000.0,259000.0,258500.0,258750.0,5018
2026-09-01 11:27:00+09:00,258500.0,259000.0,258250.0,258750.0,31054
2026-09-01 11:28:00+09:00,258000.0,258750.0,258000.0,258250.0,27893
2026-09-01 11:29:00+09:00,258250.0,258500.0,258000.0,258000.0,6373
2026-09-01 11:30:00+09:00,258500.0,258500.0,258000.0,258250.0,5634
2026-09-01 11:31:00+09:00,259000.0,259500.0,258000.0,258500.0,41125
2026-09-01 11:32:00+09:00,259000.0,259500.0,259000.0,259500.0,6453
2026-09-01 11:33:00+09:00,259000.0,259500.0,258500.0,259000.0,37660
2026-09-01 11:34:00+09:00,259000.0,259500.0,258500.0,259000.0,45489
2026-09-01 11:35:00+09:00,259000.0,259000.0,258500.0,258500.0,15967
2026-09-01 11:36:00+09:00,258250.0,259000.0,258000.0,258500.0,32118
2026-09-01 11:37:00+09:00,258250.0,258500.0,258000.0,258500.0,8072
2026-09-01 11:38:00+09:00,258500.0,259000.0,258250.0,258500.0,23037
2026-09-01 11:39:00+09:00,258500.0,259000.0,258000.0,258500.0,9615
2026-09-01 11:40:00+09:00,258500.0,258500.0,258000.0,258500.0,4662
2026-09-01 11:41:00+09:00,258000.0,258500.0,258000.0,258250.0,7706
2026-09-01 11:42:00+09:00,258000.0,258500.0,258000.0,258500.0,5714
2026-09-01 11:43:00+09:00,258000.0,258500.0,258000.0,258000.0,5556
2026-09-01 11:44:00+09:00,258500.0,258500.0,258000.0,258500.0,5417
2026-09-01 11:45:00+09:00,258000.0,258500.0,258000.0,258500.0,25504
2026-09-01 11:46:00+09:00,258500.0,258500.0,258000.0,258250.0,14302
2026-09-01 11:47:00+09:00,258250.0,258500.0,258000.0,258000.0,7039
2026-09-01 11:48:00+09:00,259000.0,259000.0,258250.0,258500.0,53558
2026-09-01 11:49:00+09:00,259000.0,259000.0,258500.0,258750.0,3201
2026-09-01 11:50:00+09:00,258500.0,259000.0,258500.0,258750.0,3361
2026-09-01 11:51:00+09:00,258500.0,259000.0,258500.0,259000.0,3022
2026-09-01 11:52:00+09:00,258750.0,259250.0,258500.0,259000.0,19658
2026-09-01 11:53:00+09:00,259000.0,259500.0,258500.0,259000.0,25733
2026-09-01 11:54:00+09:00,259250.0,259500.0,259000.0,259500.0,2288
2026-09-01 11:55:00+09:00,259250.0,259500.0,259000.0,259250.0,13081
2026-09-01 11:56:00+09:00,259500.0,259500.0,259250.0,259500.0,5542
2026-09-01 11:57:00+09:00,259500.0,259500.0,259000.0,259500.0,24287
2026-09-01 11:58:00+09:00,259250.0,260000.0,259000.0,259500.0,16221
2026-09-01 11:59:00+09:00,260000.0,260000.0,259000.0,259250.0,27702
2026-09-01 12:00:00+09:00,259000.0,260000.0,259000.0,259500.0,15490
2026-09-01 12:01:00+09:00,259500.0,259500.0,259000.0,259500.0,4677
2026-09-01 12:02:00+09:00,259000.0,259500.0,259000.0,259500.0,23947
2026-09-01 12:03:00+09:00,259500.0,259500.0,259000.0,259500.0,2636
2026-09-01 12:04:00+09:00,259500.0,260000.0,259000.0,259250.0,29980
2026-09-01 12:05:00+09:00,259000.0,259500.0,259000.0,259000.0,1834
2026-09-01 12:06:00+09:00,259250.0,259500.0,259000.0,259250.0,13314
2026-09-01 12:07:00+09:00,259500.0,259500.0,259250.0,259250.0,2017
2026-09-01 12:08:00+09:00,259250.0,259500.0,259000.0,259250.0,3652
2026-09-01 12:09:00+09:00,259500.0,259500.0,259250.0,259500.0,13895
2026-09-01 12:10:00+09:00,259500.0,259500.0,259000.0,259250.0,4842
2026-09-01 12:11:00+09:00,259000.0,260000.0,259000.0,259250.0,58286
2026-09-01 12:12:00+09:00,259500.0,259500.0,259000.0,259500.0,4537
2026-09-01 12:13:00+09:00,259500.0,259500.0,259000.0,259250.0,14338
2026-09-01 12:14:00+09:00,259250.0,259500.0,259250.0,259500.0,3385
2026-09-01 12:15:00+09:00,259500.0,259500.0,259000.0,259250.0,3440
2026-09-01 12:16:00+09:00,259500.0,259500.0,259250.0,259500.0,4106
2026-09-01 12:17:00+09:00,259250.0,259500.0,259000.0,259500.0,4386
2026-09-01 12:18:00+09:00,259250.0,259500.0,259250.0,259250.0,23257
2026-09-01 12:19:00+09:00,259250.0,259500.0,259000.0,259250.0,5815
2026-09-01 12:20:00+09:00,259000.0,259500.0,259000.0,259250.0,14770
2026-09-01 12:21:00+09:00,259500.0,259500.0,259000.0,259000.0,12953
2026-09-01 12:22:00+09:00,259000.0,259500.0,258500.0,259500.0,40441
2026-09-01 12:23:00+09:00,259000.0,259000.0,258500.0,258750.0,15690
2026-09-01 12:24:00+09:00,259000.0,259000.0,258750.0,258750.0,13712
2026-09-01 12:25:00+09:00,258750.0,259000.0,258750.0,258750.0,13581
2026-09-01 12:26:00+09:00,258750.0,259000.0,258750.0,258750.0,13342
2026-09-01 12:27:00+09:00,259500.0,260000.0,258750.0,258750.0,51316
2026-09-01 12:28:00+09:00,259250.0,259750.0,259000.0,259500.0,18061
2026-09-01 12:29:00+09:00,259000.0,259500.0,259000.0,259500.0,3754
2026-09-01 12:30:00+09:00,259250.0,259250.0,259000.0,259250.0,1676
2026-09-01 12:31:00+09:00,259250.0,259500.0,259000.0,259250.0,5711
2026-09-01 12:32:00+09:00,259750.0,260000.0,259250.0,259500.0,32784
2026-09-01 12:33:00+09:00,259750.0,260000.0,259500.0,259500.0,5376
2026-09-01 12:34:00+09:00,259750.0,259750.0,259500.0,259750.0,2284
2026-09-01 12:35:00+09:00,259750.0,260000.0,259500.0,259750.0,26818
2026-09-01 12:36:00+09:00,259500.0,259750.0,259500.0,259750.0,4018
2026-09-01 12:37:00+09:00,259500.0,259750.0,259500.0,259750.0,4159
2026-09-01 12:38:00+09:00,259500.0,259750.0,259500.0,259750.0,5077
2026-09-01 12:39:00+09:00,259500.0,260000.0,259500.0,259500.0,17134
2026-09-01 12:40:00+09:00,259000.0,259750.0,259000.0,259750.0,39880
2026-09-01 12:41:00+09:00,259500.0,259500.0,259000.0,259250.0,3820
2026-09-01 12:42:00+09:00,259500.0,259500.0,259250.0,259500.0,14481
2026-09-01 12:43:00+09:00,259500.0,259500.0,259250.0,259500.0,3986
2026-09-01 12:44:00+09:00,259250.0,259500.0,259000.0,259250.0,17238
2026-09-01 12:45:00+09:00,259500.0,260000.0,259250.0,259250.0,41642
2026-09-01 12:46:00+09:00,259500.0,260000.0,259500.0,259500.0,14362
2026-09-01 12:47:00+09:00,259750.0,260000.0,259500.0,260000.0,3495
2026-09-01 12:48:00+09:00,259750.0,260000.0,259750.0,259750.0,6786
2026-09-01 12:49:00+09:00,260250.0,260500.0,259750.0,260000.0,58265
2026-09-01 12:50:00+09:00,260250.0,260500.0,260000.0,260250.0,5122
2026-09-01 12:51:00+09:00,260000.0,260500.0,260000.0,260250.0,14038
2026-09-01 12:52:00+09:00,260000.0,260500.0,259500.0,260000.0,30173
2026-09-01 12:53:00+09:00,260000.0,260000.0,259750.0,259750.0,13618
2026-09-01 12:54:00+09:00,260000.0,260000.0,259750.0,259750.0,2808
2026-09-01 12:55:00+09:00,259750.0,260000.0,259500.0,259750.0,5903
2026-09-01 12:56:00+09:00,260000.0,260000.0,259500.0,259500.0,7315
2026-09-01 12:57:00+09:00,259750.0,260000.0,259500.0,259750.0,6071
2026-09-01 12:58:00+09:00,259750.0,260000.0,259500.0,260000.0,43171
2026-09-01 12:59:00+09:00,260000.0,260500.0,260000.0,260000.0,17637
2026-09-01 13:00:00+09:00,260750.0,261000.0,259500.0,260250.0,103692
2026-09-01 13:01:00+09:00,260750.0,261000.0,260750.0,261000.0,7280
2026-09-01 13:02:00+09:00,260500.0,261000.0,260500.0,261000.0,15935
2026-09-01 13:03:00+09:00,260250.0,261000.0,260000.0,261000.0,43260
2026-09-01 13:04:00+09:00,260250.0,261000.0,260000.0,260500.0,35274
2026-09-01 13:05:00+09:00,260500.0,261000.0,260250.0,260250.0,31123
2026-09-01 13:06:00+09:00,260500.0,260750.0,260500.0,260500.0,25775
2026-09-01 13:07:00+09:00,260500.0,261000.0,260000.0,260500.0,27125
2026-09-01 13:08:00+09:00,260500.0,261000.0,260500.0,260500.0,8600
2026-09-01 13:09:00+09:00,260750.0,260750.0,260500.0,260500.0,8330
2026-09-01 13:10:00+09:00,260500.0,261000.0,260000.0,260750.0,58225
2026-09-01 13:11:00+09:00,260500.0,260750.0,260500.0,260500.0,11809
2026-09-01 13:12:00+09:00,260500.0,261000.0,260000.0,260500.0,46837
2026-09-01 13:13:00+09:00,260500.0,261000.0,260000.0,260500.0,10311
2026-09-01 13:14:00+09:00,260250.0,260500.0,260250.0,260500.0,15151
2026-09-01 13:15:00+09:00,260500.0,260500.0,260250.0,260500.0,3556
2026-09-01 13:16:00+09:00,260250.0,260500.0,260250.0,260250.0,17604
2026-09-01 13:17:00+09:00,260250.0,260500.0,260250.0,260250.0,4743
2026-09-01 13:18:00+09:00,260250.0,260500.0,260000.0,260250.0,17507
2026-09-01 13:19:00+09:00,260250.0,260500.0,260000.0,260000.0,29317
2026-09-01 13:20:00+09:00,260500.0,260500.0,260250.0,260500.0,5323
2026-09-01 13:21:00+09:00,260500.0,261000.0,260250.0,260250.0,54703
2026-09-01 13:22:00+09:00,260250.0,260750.0,260000.0,260750.0,28365
2026-09-01 13:23:00+09:00,260250.0,260500.0,260250.0,260500.0,24214
2026-09-01 13:24:00+09:00,260500.0,260500.0,260250.0,260250.0,7074
2026-09-01 13:25:00+09:00,260500.0,260750.0,260000.0,260250.0,40121
2026-09-01 13:26:00+09:00,260500.0,261000.0,260000.0,260750.0,9021
2026-09-01 13:27:00+09:00,260500.0,260500.0,260000.0,260250.0,7705
2026-09-01 13:28:00+09:00,260000.0,260500.0,260000.0,260250.0,5287
2026-09-01 13:29:00+09:00,260250.0,260500.0,260000.0,260250.0,8936
2026-09-01 13:30:00+09:00,260500.0,260500.0,260000.0,260250.0,21400
2026-09-01 13:31:00+09:00,260500.0,260500.0,260000.0,260500.0,23069
2026-09-01 13:32:00+09:00,260500.0,260500.0,260250.0,260250.0,16690
2026-09-01 13:33:00+09:00,260250.0,260500.0,260000.0,260500.0,19178
2026-09-01 13:34:00+09:00,260250.0,260500.0,260000.0,260000.0,12384
2026-09-01 13:35:00+09:00,260250.0,260500.0,260250.0,260250.0,15793
2026-09-01 13:36:00+09:00,260500.0,260500.0,260250.0,260250.0,6793
2026-09-01 13:37:00+09:00,260250.0,260500.0,260250.0,260250.0,14989
2026-09-01 13:38:00+09:00,260500.0,260500.0,260250.0,260500.0,5348
2026-09-01 13:39:00+09:00,260500.0,260500.0,260250.0,260250.0,29993
2026-09-01 13:40:00+09:00,260250.0,260500.0,260000.0,260250.0,7499
2026-09-01 13:41:00+09:00,260000.0,260500.0,260000.0,260250.0,19889
2026-09-01 13:42:00+09:00,260250.0,260500.0,260000.0,260250.0,38781
2026-09-01 13:43:00+09:00,259750.0,260250.0,259750.0,260000.0,46168
2026-09-01 13:44:00+09:00,259750.0,260000.0,259750.0,259750.0,23583
2026-09-01 13:45:00+09:00,260250.0,260500.0,259750.0,259750.0,43809
2026-09-01 13:46:00+09:00,260750.0,261000.0,260000.0,260500.0,88012
2026-09-01 13:47:00+09:00,261000.0,261500.0,260750.0,261000.0,147729
2026-09-01 13:48:00+09:00,261500.0,261500.0,261000.0,261000.0,10968
2026-09-01 13:49:00+09:00,261000.0,261500.0,261000.0,261500.0,27226
2026-09-01 13:50:00+09:00,261000.0,261500.0,261000.0,261250.0,21240
2026-09-01 13:51:00+09:00,260500.0,261250.0,260500.0,261000.0,71906
2026-09-01 13:52:00+09:00,260500.0,261000.0,260500.0,260500.0,7489
2026-09-01 13:53:00+09:00,260500.0,260750.0,260500.0,260750.0,10008
2026-09-01 13:54:00+09:00,260500.0,260750.0,260000.0,260500.0,59103
2026-09-01 13:55:00+09:00,260000.0,261000.0,259500.0,260250.0,92728
2026-09-01 13:56:00+09:00,260000.0,260500.0,260000.0,260000.0,5962
2026-09-01 13:57:00+09:00,260000.0,260500.0,259500.0,260250.0,46110
2026-09-01 13:58:00+09:00,259500.0,260000.0,259500.0,259750.0,19814
2026-09-01 13:59:00+09:00,259500.0,260000.0,259000.0,259500.0,74599
2026-09-01 14:00:00+09:00,259500.0,260000.0,259500.0,259500.0,3266
2026-09-01 14:01:00+09:00,259250.0,259750.0,259000.0,259750.0,66419
2026-09-01 14:02:00+09:00,259500.0,259500.0,259000.0,259250.0,21153
2026-09-01 14:03:00+09:00,259750.0,260000.0,259000.0,259500.0,36668
2026-09-01 14:04:00+09:00,260000.0,260250.0,259500.0,260000.0,31592
2026-09-01 14:05:00+09:00,260000.0,260000.0,259500.0,259750.0,21518
2026-09-01 14:06:00+09:00,260000.0,260000.0,259500.0,260000.0,7423
2026-09-01 14:07:00+09:00,260000.0,260250.0,259500.0,259750.0,47088
2026-09-01 14:08:00+09:00,260000.0,260000.0,259500.0,259750.0,4726
2026-09-01 14:09:00+09:00,259500.0,260000.0,259500.0,259750.0,7417
2026-09-01 14:10:00+09:00,259500.0,259750.0,259500.0,259750.0,7120
2026-09-01 14:11:00+09:00,259500.0,259750.0,259000.0,259500.0,76910
2026-09-01 14:12:00+09:00,259500.0,259500.0,258500.0,259250.0,106801
2026-09-01 14:13:00+09:00,259000.0,259500.0,258500.0,259000.0,22340
2026-09-01 14:14:00+09:00,259000.0,259500.0,258750.0,259000.0,21652
2026-09-01 14:15:00+09:00,259250.0,259500.0,259000.0,259250.0,7201
2026-09-01 14:16:00+09:00,259500.0,259500.0,259000.0,259250.0,6482
2026-09-01 14:17:00+09:00,259250.0,259500.0,259000.0,259500.0,14428
2026-09-01 14:18:00+09:00,259000.0,259500.0,259000.0,259000.0,9982
2026-09-01 14:19:00+09:00,259000.0,259500.0,258500.0,259000.0,75638
2026-09-01 14:20:00+09:00,259250.0,259500.0,258750.0,258750.0,28007
2026-09-01 14:21:00+09:00,259000.0,259250.0,259000.0,259000.0,9677
2026-09-01 14:22:00+09:00,259000.0,259250.0,259000.0,259000.0,4602
2026-09-01 14:23:00+09:00,259500.0,260000.0,259000.0,259250.0,42025
2026-09-01 14:24:00+09:00,259500.0,259750.0,259000.0,259500.0,17350
2026-09-01 14:25:00+09:00,259750.0,260000.0,259250.0,259500.0,41720
2026-09-01 14:26:00+09:00,259500.0,260000.0,259500.0,259750.0,10426
2026-09-01 14:27:00+09:00,259750.0,260000.0,259500.0,259750.0,24804
2026-09-01 14:28:00+09:00,260000.0,260000.0,259500.0,259750.0,26615
2026-09-01 14:29:00+09:00,259750.0,260000.0,259500.0,259500.0,38052
2026-09-01 14:30:00+09:00,260000.0,260500.0,259500.0,260000.0,70256
2026-09-01 14:31:00+09:00,260250.0,260500.0,260000.0,260500.0,17562
2026-09-01 14:32:00+09:00,260250.0,260500.0,260000.0,260000.0,9092
2026-09-01 14:33:00+09:00,260250.0,260250.0,260000.0,260250.0,14464
2026-09-01 14:34:00+09:00,260250.0,260500.0,260000.0,260000.0,21460
2026-09-01 14:35:00+09:00,260000.0,260250.0,260000.0,260000.0,10918
2026-09-01 14:36:00+09:00,260250.0,260500.0,260000.0,260000.0,12071
2026-09-01 14:37:00+09:00,260500.0,260500.0,260000.0,260500.0,12290
2026-09-01 14:38:00+09:00,260500.0,261000.0,260000.0,260500.0,97705
2026-09-01 14:39:00+09:00,260500.0,261000.0,260500.0,260750.0,31001
2026-09-01 14:40:00+09:00,260500.0,261000.0,260500.0,260500.0,6763
2026-09-01 14:41:00+09:00,260750.0,261000.0,260500.0,260500.0,24652
2026-09-01 14:42:00+09:00,261000.0,261000.0,260500.0,261000.0,42005
2026-09-01 14:43:00+09:00,260750.0,261500.0,260500.0,261000.0,167185
2026-09-01 14:44:00+09:00,260500.0,261000.0,260500.0,260750.0,23444
2026-09-01 14:45:00+09:00,261000.0,261500.0,260500.0,261000.0,89885
2026-09-01 14:46:00+09:00,261000.0,261500.0,260500.0,261000.0,68916
2026-09-01 14:47:00+09:00,260750.0,261250.0,260500.0,261000.0,29007
2026-09-01 14:48:00+09:00,260500.0,261000.0,260500.0,261000.0,29626
2026-09-01 14:49:00+09:00,260500.0,261000.0,260000.0,260500.0,62186
2026-09-01 14:50:00+09:00,260750.0,261000.0,260500.0,260500.0,25618
2026-09-01 14:51:00+09:00,260500.0,261000.0,260000.0,261000.0,67548
2026-09-01 14:52:00+09:00,260500.0,260750.0,260000.0,260500.0,18117
2026-09-01 14:53:00+09:00,260250.0,260500.0,260000.0,260500.0,6310
2026-09-01 14:54:00+09:00,260500.0,261000.0,260250.0,260250.0,47223
2026-09-01 14:55:00+09:00,260750.0,261000.0,260500.0,260500.0,19524
2026-09-01 14:56:00+09:00,261000.0,261000.0,260750.0,261000.0,11288
2026-09-01 14:57:00+09:00,261000.0,261000.0,260500.0,260750.0,18541
2026-09-01 14:58:00+09:00,260750.0,261000.0,260500.0,260750.0,15776
2026-09-01 14:59:00+09:00,260500.0,260750.0,260000.0,260500.0,69092
2026-09-02 09:00:00+09:00,253500.0,254000.0,251000.0,252000.0,417756
2026-09-02 09:01:00+09:00,252750.0,253500.0,252000.0,253000.0,67285
2026-09-02 09:02:00+09:00,253000.0,253500.0,251500.0,252750.0,72439
2026-09-02 09:03:00+09:00,252500.0,253000.0,252000.0,252500.0,82590
2026-09-02 09:04:00+09:00,253000.0,253500.0,252000.0,252500.0,31404
2026-09-02 09:05:00+09:00,253500.0,253500.0,252500.0,253000.0,84886
2026-09-02 09:06:00+09:00,253500.0,253500.0,252500.0,253000.0,44795
2026-09-02 09:07:00+09:00,252500.0,253500.0,252500.0,253500.0,42373
2026-09-02 09:08:00+09:00,252750.0,253000.0,252000.0,252500.0,46063
2026-09-02 09:09:00+09:00,253500.0,254000.0,252750.0,252750.0,48014
2026-09-02 09:10:00+09:00,253500.0,254000.0,253000.0,253250.0,36163
2026-09-02 09:11:00+09:00,252500.0,254000.0,252500.0,254000.0,94559
2026-09-02 09:12:00+09:00,253000.0,253500.0,252500.0,252500.0,52259
2026-09-02 09:13:00+09:00,253000.0,253500.0,252750.0,253000.0,34205
2026-09-02 09:14:00+09:00,252500.0,253500.0,252500.0,253500.0,35304
2026-09-02 09:15:00+09:00,253000.0,253000.0,252500.0,252750.0,16135
2026-09-02 09:16:00+09:00,253250.0,253250.0,252500.0,253000.0,53224
2026-09-02 09:17:00+09:00,253250.0,253500.0,252500.0,253250.0,43058
2026-09-02 09:18:00+09:00,253500.0,253500.0,253000.0,253000.0,22145
2026-09-02 09:19:00+09:00,253000.0,253500.0,252500.0,253500.0,78355
2026-09-02 09:20:00+09:00,252750.0,253000.0,252500.0,253000.0,20289
2026-09-02 09:21:00+09:00,253000.0,253000.0,252500.0,252750.0,14426
2026-09-02 09:22:00+09:00,253500.0,253500.0,252500.0,253000.0,81748
2026-09-02 09:23:00+09:00,253500.0,254000.0,252500.0,253000.0,77536
2026-09-02 09:24:00+09:00,253500.0,253500.0,252500.0,253250.0,33617
2026-09-02 09:25:00+09:00,253500.0,253750.0,253000.0,253250.0,39099
2026-09-02 09:26:00+09:00,253500.0,253500.0,253000.0,253500.0,14800
2026-09-02 09:27:00+09:00,253500.0,254000.0,253000.0,253250.0,56355
2026-09-02 09:28:00+09:00,253250.0,253500.0,253000.0,253250.0,19959
2026-09-02 09:29:00+09:00,252500.0,253500.0,252500.0,253250.0,94291
2026-09-02 09:30:00+09:00,252750.0,253000.0,252500.0,252750.0,26513
2026-09-02 09:31:00+09:00,253500.0,253500.0,252750.0,252750.0,32368
2026-09-02 09:32:00+09:00,254000.0,254500.0,253000.0,253250.0,47446
2026-09-02 09:33:00+09:00,253500.0,254000.0,253000.0,254000.0,77577
2026-09-02 09:34:00+09:00,253500.0,254000.0,253000.0,253500.0,43580
2026-09-02 09:35:00+09:00,254250.0,254500.0,253250.0,253500.0,29437
2026-09-02 09:36:00+09:00,254250.0,254500.0,253750.0,254250.0,20057
2026-09-02 09:37:00+09:00,254500.0,254500.0,254000.0,254250.0,11777
2026-09-02 09:38:00+09:00,254000.0,254500.0,253500.0,254500.0,41998
2026-09-02 09:39:00+09:00,254250.0,254500.0,253500.0,253500.0,22838
2026-09-02 09:40:00+09:00,253750.0,254500.0,253500.0,254250.0,70454
2026-09-02 09:41:00+09:00,253500.0,254000.0,253000.0,253500.0,39475
2026-09-02 09:42:00+09:00,253500.0,254000.0,253000.0,253750.0,25702
2026-09-02 09:43:00+09:00,253750.0,254500.0,253000.0,253500.0,73813
2026-09-02 09:44:00+09:00,254250.0,254500.0,253500.0,254000.0,72095
2026-09-02 09:45:00+09:00,254250.0,254500.0,253500.0,254250.0,45865
2026-09-02 09:46:00+09:00,254000.0,254500.0,253500.0,254250.0,28666
2026-09-02 09:47:00+09:00,254000.0,254000.0,253500.0,253750.0,25075
2026-09-02 09:48:00+09:00,253250.0,254000.0,253000.0,254000.0,27073
2026-09-02 09:49:00+09:00,253500.0,253500.0,253000.0,253250.0,12936
2026-09-02 09:50:00+09:00,252750.0,253500.0,252500.0,253000.0,85695
2026-09-02 09:51:00+09:00,253000.0,253500.0,252500.0,252750.0,26931
2026-09-02 09:52:00+09:00,253000.0,253500.0,252500.0,253000.0,31981
2026-09-02 09:53:00+09:00,252750.0,253000.0,252750.0,252750.0,13317
2026-09-02 09:54:00+09:00,252750.0,253000.0,252500.0,253000.0,12465
2026-09-02 09:55:00+09:00,253000.0,253500.0,252500.0,252500.0,53502
2026-09-02 09:56:00+09:00,254000.0,254000.0,253000.0,253000.0,61068
2026-09-02 09:57:00+09:00,254000.0,254000.0,253000.0,254000.0,27677
2026-09-02 09:58:00+09:00,254250.0,255000.0,253500.0,253750.0,101985
2026-09-02 09:59:00+09:00,254000.0,255000.0,253500.0,254250.0,75561
2026-09-02 10:00:00+09:00,254500.0,254500.0,253750.0,254000.0,15612
2026-09-02 10:01:00+09:00,254000.0,254500.0,253500.0,254000.0,25878
2026-09-02 10:02:00+09:00,254000.0,254000.0,253500.0,253500.0,9432
2026-09-02 10:03:00+09:00,255000.0,255000.0,253500.0,254000.0,75833
2026-09-02 10:04:00+09:00,255000.0,255500.0,254500.0,254750.0,103256
2026-09-02 10:05:00+09:00,254500.0,255500.0,254000.0,255000.0,52097
2026-09-02 10:06:00+09:00,254250.0,254500.0,254000.0,254250.0,14523
2026-09-02 10:07:00+09:00,255000.0,255000.0,253500.0,254250.0,104452
2026-09-02 10:08:00+09:00,254250.0,255000.0,254000.0,254750.0,15013
2026-09-02 10:09:00+09:00,254750.0,255000.0,254250.0,254250.0,43141
2026-09-02 10:10:00+09:00,255000.0,255500.0,254750.0,254750.0,28949
2026-09-02 10:11:00+09:00,254750.0,255250.0,254500.0,255000.0,36952
2026-09-02 10:12:00+09:00,254750.0,255000.0,254500.0,254750.0,11922
2026-09-02 10:13:00+09:00,255250.0,255500.0,254500.0,254750.0,114874
2026-09-02 10:14:00+09:00,255000.0,255500.0,254500.0,255250.0,40289
2026-09-02 10:15:00+09:00,255250.0,255500.0,254500.0,254500.0,34137
2026-09-02 10:16:00+09:00,255250.0,255500.0,254750.0,255000.0,31903
2026-09-02 10:17:00+09:00,255000.0,255500.0,254500.0,255250.0,21855
2026-09-02 10:18:00+09:00,254750.0,255500.0,254500.0,254750.0,32578
2026-09-02 10:19:00+09:00,255000.0,255000.0,254000.0,254750.0,64414
2026-09-02 10:20:00+09:00,255000.0,255000.0,254500.0,254500.0,8872
2026-09-02 10:21:00+09:00,255500.0,255500.0,254500.0,254500.0,43991
2026-09-02 10:22:00+09:00,254750.0,255500.0,254500.0,255250.0,38461
2026-09-02 10:23:00+09:00,255000.0,255500.0,254500.0,255000.0,34333
2026-09-02 10:24:00+09:00,254750.0,255500.0,254500.0,255000.0,42934
2026-09-02 10:25:00+09:00,254500.0,255000.0,254500.0,254750.0,11185
2026-09-02 10:26:00+09:00,254250.0,254750.0,254000.0,254500.0,41204
2026-09-02 10:27:00+09:00,254000.0,254250.0,254000.0,254000.0,13474
2026-09-02 10:28:00+09:00,253500.0,254500.0,253500.0,254250.0,51100
2026-09-02 10:29:00+09:00,253500.0,254000.0,253500.0,253500.0,35621
2026-09-02 10:30:00+09:00,253750.0,254000.0,253000.0,253500.0,47990
2026-09-02 10:31:00+09:00,253500.0,254000.0,253000.0,253750.0,29303
2026-09-02 10:32:00+09:00,253500.0,254000.0,252750.0,253500.0,107646
2026-09-02 10:33:00+09:00,253000.0,254000.0,253000.0,253500.0,24998
2026-09-02 10:34:00+09:00,254000.0,254000.0,252500.0,253500.0,32742
2026-09-02 10:35:00+09:00,253500.0,254000.0,252500.0,254000.0,64227
2026-09-02 10:36:00+09:00,253000.0,253500.0,253000.0,253000.0,11329
2026-09-02 10:37:00+09:00,252500.0,253500.0,252500.0,253000.0,68104
2026-09-02 10:38:00+09:00,252500.0,253000.0,252000.0,253000.0,97121
2026-09-02 10:39:00+09:00,252500.0,253000.0,252000.0,252500.0,43613
2026-09-02 10:40:00+09:00,253000.0,253000.0,252000.0,253000.0,37238
2026-09-02 10:41:00+09:00,252750.0,253000.0,252500.0,252750.0,10963
2026-09-02 10:42:00+09:00,253250.0,253500.0,252500.0,253000.0,47666
2026-09-02 10:43:00+09:00,253000.0,253500.0,252500.0,253250.0,27717
2026-09-02 10:44:00+09:00,252500.0,253000.0,252250.0,252500.0,40254
2026-09-02 10:45:00+09:00,252500.0,253000.0,252000.0,252500.0,43892
2026-09-02 10:46:00+09:00,252250.0,252500.0,252000.0,252500.0,29427
2026-09-02 10:47:00+09:00,252750.0,252750.0,252000.0,252500.0,41652
2026-09-02 10:48:00+09:00,252500.0,253000.0,252000.0,252750.0,30782
2026-09-02 10:49:00+09:00,252250.0,252500.0,252000.0,252250.0,17411
2026-09-02 10:50:00+09:00,252500.0,252500.0,252000.0,252250.0,16366
2026-09-02 10:51:00+09:00,252250.0,252500.0,252250.0,252250.0,24377
2026-09-02 10:52:00+09:00,252500.0,252500.0,252250.0,252250.0,15748
2026-09-02 10:53:00+09:00,252500.0,253000.0,252000.0,252250.0,57182
2026-09-02 10:54:00+09:00,252500.0,252750.0,252000.0,252250.0,52357
2026-09-02 10:55:00+09:00,253000.0,253000.0,252250.0,252500.0,21495
2026-09-02 10:56:00+09:00,252750.0,253000.0,252500.0,253000.0,7003
2026-09-02 10:57:00+09:00,252500.0,253000.0,252000.0,252500.0,54175
2026-09-02 10:58:00+09:00,252750.0,253000.0,252000.0,252250.0,30262
2026-09-02 10:59:00+09:00,253000.0,253000.0,252500.0,252750.0,8984
2026-09-02 11:00:00+09:00,252500.0,253000.0,252500.0,252750.0,11331
2026-09-02 11:01:00+09:00,252500.0,253000.0,252000.0,252750.0,52937
2026-09-02 11:02:00+09:00,252500.0,252500.0,252000.0,252250.0,14775
2026-09-02 11:03:00+09:00,252250.0,252500.0,252000.0,252500.0,11765
2026-09-02 11:04:00+09:00,252500.0,252500.0,252000.0,252250.0,15809
2026-09-02 11:05:00+09:00,252500.0,252500.0,252000.0,252500.0,11337
2026-09-02 11:06:00+09:00,252500.0,252500.0,252000.0,252500.0,10329
2026-09-02 11:07:00+09:00,252250.0,252500.0,252000.0,252500.0,19251
2026-09-02 11:08:00+09:00,252500.0,253000.0,252000.0,252500.0,34719
2026-09-02 11:09:00+09:00,252500.0,252500.0,252000.0,252500.0,30481
2026-09-02 11:10:00+09:00,253000.0,253000.0,252000.0,252250.0,22419
2026-09-02 11:11:00+09:00,252750.0,253000.0,252500.0,253000.0,15749
2026-09-02 11:12:00+09:00,252750.0,253000.0,252500.0,253000.0,10796
2026-09-02 11:13:00+09:00,252500.0,253000.0,252000.0,252750.0,48751
2026-09-02 11:14:00+09:00,253000.0,253000.0,252500.0,252750.0,14388
2026-09-02 11:15:00+09:00,252750.0,253000.0,252500.0,252500.0,21729
2026-09-02 11:16:00+09:00,252750.0,253250.0,252500.0,252750.0,37705
2026-09-02 11:17:00+09:00,253000.0,253500.0,252500.0,253000.0,18518
2026-09-02 11:18:00+09:00,253000.0,253500.0,252500.0,253000.0,22844
2026-09-02 11:19:00+09:00,253250.0,253500.0,253000.0,253250.0,9464
2026-09-02 11:20:00+09:00,253500.0,253500.0,253000.0,253250.0,11155
2026-09-02 11:21:00+09:00,253000.0,253500.0,253000.0,253500.0,10353
2026-09-02 11:22:00+09:00,253000.0,253500.0,252750.0,253000.0,35356
2026-09-02 11:23:00+09:00,253000.0,253000.0,252500.0,252750.0,17720
2026-09-02 11:24:00+09:00,253250.0,253500.0,252500.0,253000.0,13280
2026-09-02 11:25:00+09:00,253000.0,253500.0,252500.0,253000.0,37227
2026-09-02 11:26:00+09:00,253000.0,253000.0,252500.0,253000.0,12948
2026-09-02 11:27:00+09:00,252500.0,253000.0,252500.0,252750.0,9934
2026-09-02 11:28:00+09:00,253000.0,253000.0,252500.0,253000.0,10675
2026-09-02 11:29:00+09:00,253000.0,253000.0,252500.0,253000.0,15310
2026-09-02 11:30:00+09:00,252500.0,253000.0,252000.0,252500.0,57540
2026-09-02 11:31:00+09:00,252500.0,252500.0,252000.0,252500.0,18395
2026-09-02 11:32:00+09:00,253000.0,253000.0,252250.0,252250.0,16346
2026-09-02 11:33:00+09:00,252750.0,253000.0,252500.0,253000.0,7279
2026-09-02 11:34:00+09:00,252500.0,253000.0,252000.0,252750.0,33057
2026-09-02 11:35:00+09:00,252750.0,253000.0,252000.0,252500.0,29692
2026-09-02 11:36:00+09:00,252750.0,253000.0,252500.0,252750.0,12392
2026-09-02 11:37:00+09:00,252500.0,253000.0,252500.0,252750.0,9174
2026-09-02 11:38:00+09:00,252500.0,253000.0,252500.0,252500.0,14986
2026-09-02 11:39:00+09:00,252250.0,252750.0,252000.0,252750.0,21088
2026-09-02 11:40:00+09:00,252500.0,253000.0,252000.0,252500.0,17511
2026-09-02 11:41:00+09:00,252500.0,253000.0,252500.0,252500.0,8370
2026-09-02 11:42:00+09:00,253000.0,253000.0,252500.0,252500.0,7671
2026-09-02 11:43:00+09:00,253000.0,253000.0,252500.0,252750.0,9347
2026-09-02 11:44:00+09:00,252500.0,253000.0,252500.0,253000.0,9600
2026-09-02 11:45:00+09:00,253000.0,253500.0,252500.0,252500.0,23992
2026-09-02 11:46:00+09:00,253250.0,253250.0,253000.0,253000.0,9393
2026-09-02 11:47:00+09:00,252500.0,253500.0,252500.0,253000.0,32646
2026-09-02 11:48:00+09:00,253000.0,253500.0,252500.0,253000.0,29495
2026-09-02 11:49:00+09:00,253500.0,253500.0,252500.0,253000.0,15475
2026-09-02 11:50:00+09:00,253500.0,253500.0,253000.0,253500.0,10897
2026-09-02 11:51:00+09:00,253500.0,253500.0,253000.0,253000.0,13911
2026-09-02 11:52:00+09:00,252750.0,253500.0,252500.0,253000.0,19244
2026-09-02 11:53:00+09:00,252250.0,252750.0,252000.0,252750.0,44341
2026-09-02 11:54:00+09:00,252500.0,252500.0,252000.0,252250.0,12984
2026-09-02 11:55:00+09:00,252250.0,252500.0,252000.0,252500.0,28227
2026-09-02 11:56:00+09:00,252000.0,252500.0,251500.0,252250.0,109908
2026-09-02 11:57:00+09:00,252500.0,252500.0,252000.0,252000.0,6745
2026-09-02 11:58:00+09:00,252000.0,253000.0,252000.0,252250.0,32150
2026-09-02 11:59:00+09:00,252500.0,252500.0,252000.0,252000.0,9369
2026-09-02 12:00:00+09:00,252750.0,253000.0,252000.0,252000.0,16743
2026-09-02 12:01:00+09:00,252500.0,253000.0,252000.0,252750.0,22598
2026-09-02 12:02:00+09:00,252250.0,252500.0,252000.0,252250.0,11398
2026-09-02 12:03:00+09:00,252500.0,252500.0,252000.0,252250.0,10828
2026-09-02 12:04:00+09:00,252250.0,252500.0,252000.0,252500.0,8697
2026-09-02 12:05:00+09:00,251750.0,252500.0,251500.0,252250.0,58433
2026-09-02 12:06:00+09:00,252000.0,252000.0,251500.0,251750.0,13909
2026-09-02 12:07:00+09:00,252250.0,252500.0,251750.0,252000.0,21626
2026-09-02 12:08:00+09:00,252000.0,252500.0,252000.0,252250.0,7925
2026-09-02 12:09:00+09:00,252500.0,252500.0,252000.0,252000.0,9538
2026-09-02 12:10:00+09:00,252500.0,253000.0,252250.0,252500.0,19838
2026-09-02 12:11:00+09:00,253000.0,253000.0,252500.0,252500.0,16288
2026-09-02 12:12:00+09:00,253000.0,253000.0,252500.0,253000.0,12075
2026-09-02 12:13:00+09:00,253000.0,253000.0,252500.0,252750.0,12190
2026-09-02 12:14:00+09:00,252500.0,253000.0,252500.0,252750.0,18060
2026-09-02 12:15:00+09:00,252500.0,253000.0,252000.0,252500.0,34992
2026-09-02 12:16:00+09:00,252500.0,252500.0,252000.0,252000.0,12887
2026-09-02 12:17:00+09:00,252000.0,252500.0,252000.0,252000.0,9360
2026-09-02 12:18:00+09:00,252250.0,252500.0,252000.0,252500.0,6392
2026-09-02 12:19:00+09:00,252500.0,252500.0,252000.0,252250.0,10788
2026-09-02 12:20:00+09:00,252250.0,252500.0,252000.0,252500.0,16056
2026-09-02 12:21:00+09:00,252250.0,252500.0,252000.0,252500.0,11117
2026-09-02 12:22:00+09:00,252000.0,252500.0,252000.0,252500.0,15878
2026-09-02 12:23:00+09:00,252000.0,252500.0,252000.0,252250.0,9410
2026-09-02 12:24:00+09:00,252250.0,252500.0,252000.0,252500.0,13642
2026-09-02 12:25:00+09:00,252500.0,252500.0,252250.0,252250.0,19180
2026-09-02 12:26:00+09:00,252250.0,253000.0,252000.0,252500.0,43128
2026-09-02 12:27:00+09:00,252500.0,252500.0,252000.0,252250.0,11693
2026-09-02 12:28:00+09:00,252500.0,252500.0,252000.0,252500.0,9120
2026-09-02 12:29:00+09:00,252500.0,252500.0,252000.0,252250.0,25478
2026-09-02 12:30:00+09:00,251500.0,252500.0,251500.0,252000.0,66261
2026-09-02 12:31:00+09:00,251500.0,252000.0,251500.0,251500.0,36981
2026-09-02 12:32:00+09:00,251750.0,252000.0,251500.0,251750.0,9521
2026-09-02 12:33:00+09:00,251500.0,252000.0,251500.0,251750.0,8807
2026-09-02 12:34:00+09:00,251750.0,252000.0,251500.0,252000.0,14322
2026-09-02 12:35:00+09:00,251750.0,252000.0,251750.0,251750.0,14616
2026-09-02 12:36:00+09:00,252000.0,252000.0,251750.0,251750.0,18945
2026-09-02 12:37:00+09:00,252000.0,252000.0,251750.0,252000.0,14400
2026-09-02 12:38:00+09:00,252000.0,252000.0,251500.0,252000.0,10507
2026-09-02 12:39:00+09:00,252000.0,252000.0,251500.0,251750.0,13797
2026-09-02 12:40:00+09:00,251500.0,252000.0,251500.0,252000.0,14164
2026-09-02 12:41:00+09:00,252000.0,252000.0,251500.0,251500.0,12537
2026-09-02 12:42:00+09:00,252000.0,252000.0,251500.0,252000.0,13245
2026-09-02 12:43:00+09:00,251750.0,252000.0,251500.0,252000.0,12176
2026-09-02 12:44:00+09:00,252000.0,252000.0,251750.0,252000.0,9164
2026-09-02 12:45:00+09:00,252000.0,252000.0,251500.0,251750.0,21947
2026-09-02 12:46:00+09:00,252000.0,252000.0,251750.0,252000.0,11588
2026-09-02 12:47:00+09:00,251500.0,252000.0,251500.0,251750.0,11126
2026-09-02 12:48:00+09:00,251500.0,252000.0,251500.0,252000.0,14064
2026-09-02 12:49:00+09:00,251500.0,252000.0,251500.0,251500.0,11970
2026-09-02 12:50:00+09:00,251500.0,252000.0,251000.0,251750.0,94846
2026-09-02 12:51:00+09:00,251500.0,251500.0,251250.0,251250.0,16747
2026-09-02 12:52:00+09:00,251250.0,251500.0,251000.0,251250.0,19783
2026-09-02 12:53:00+09:00,251000.0,251500.0,251000.0,251000.0,22482
2026-09-02 12:54:00+09:00,251250.0,251500.0,251000.0,251250.0,21011
2026-09-02 12:55:00+09:00,251500.0,251500.0,251000.0,251250.0,16541
2026-09-02 12:56:00+09:00,251000.0,251500.0,251000.0,251500.0,17748
2026-09-02 12:57:00+09:00,250500.0,251500.0,250500.0,251000.0,155151
2026-09-02 12:58:00+09:00,250750.0,251000.0,250500.0,250500.0,19690
2026-09-02 12:59:00+09:00,250500.0,251000.0,250500.0,250750.0,31453
2026-09-02 13:00:00+09:00,250500.0,250750.0,250000.0,250500.0,197518
2026-09-02 13:01:00+09:00,250250.0,250500.0,250000.0,250500.0,36880
2026-09-02 13:02:00+09:00,250250.0,250500.0,250250.0,250500.0,21313
2026-09-02 13:03:00+09:00,250250.0,250500.0,250250.0,250250.0,28358
2026-09-02 13:04:00+09:00,250250.0,250500.0,250250.0,250250.0,53703
2026-09-02 13:05:00+09:00,250500.0,250500.0,250250.0,250500.0,24249
2026-09-02 13:06:00+09:00,250500.0,251000.0,250000.0,250500.0,112203
2026-09-02 13:07:00+09:00,250250.0,250500.0,250250.0,250250.0,25271
2026-09-02 13:08:00+09:00,250250.0,250500.0,250000.0,250250.0,32070
2026-09-02 13:09:00+09:00,250500.0,250500.0,250000.0,250000.0,20190
2026-09-02 13:10:00+09:00,250250.0,250500.0,250000.0,250500.0,23142
2026-09-02 13:11:00+09:00,250000.0,250250.0,250000.0,250000.0,27458
2026-09-02 13:12:00+09:00,250250.0,250250.0,250000.0,250000.0,30421
2026-09-02 13:13:00+09:00,250250.0,250500.0,250000.0,250000.0,25573
2026-09-02 13:14:00+09:00,250250.0,250500.0,250000.0,250250.0,33019
2026-09-02 13:15:00+09:00,250750.0,251000.0,250000.0,250250.0,97869
2026-09-02 13:16:00+09:00,250750.0,251000.0,250500.0,250750.0,24298
2026-09-02 13:17:00+09:00,251000.0,251000.0,250500.0,250500.0,23749
2026-09-02 13:18:00+09:00,251000.0,251000.0,250500.0,251000.0,24611
2026-09-02 13:19:00+09:00,250500.0,251000.0,250500.0,251000.0,44168
2026-09-02 13:20:00+09:00,251000.0,251000.0,250000.0,251000.0,94024
2026-09-02 13:21:00+09:00,250500.0,251000.0,250000.0,250500.0,47786
2026-09-02 13:22:00+09:00,250500.0,250500.0,250250.0,250250.0,25556
2026-09-02 13:23:00+09:00,250500.0,250500.0,250000.0,250500.0,22432
2026-09-02 13:24:00+09:00,250500.0,250500.0,250000.0,250000.0,23350
2026-09-02 13:25:00+09:00,250500.0,251000.0,250000.0,250250.0,59254
2026-09-02 13:26:00+09:00,250750.0,251000.0,250500.0,250500.0,17130
2026-09-02 13:27:00+09:00,250750.0,251000.0,250500.0,250500.0,46026
2026-09-02 13:28:00+09:00,250750.0,251000.0,250500.0,250500.0,21977
2026-09-02 13:29:00+09:00,251000.0,251000.0,250500.0,250500.0,19078
2026-09-02 13:30:00+09:00,251000.0,251000.0,250500.0,250500.0,19619
2026-09-02 13:31:00+09:00,250750.0,251000.0,250500.0,251000.0,22211
2026-09-02 13:32:00+09:00,251000.0,251000.0,250500.0,250750.0,25402
2026-09-02 13:33:00+09:00,250500.0,251500.0,250500.0,250750.0,79471
2026-09-02 13:34:00+09:00,250750.0,251000.0,250500.0,250750.0,17049
2026-09-02 13:35:00+09:00,250500.0,250750.0,250500.0,250500.0,24325
2026-09-02 13:36:00+09:00,250500.0,251000.0,250500.0,250500.0,32464
2026-09-02 13:37:00+09:00,250500.0,251000.0,250500.0,250500.0,32919
2026-09-02 13:38:00+09:00,250250.0,250750.0,250000.0,250500.0,72603
2026-09-02 13:39:00+09:00,250250.0,250500.0,250000.0,250250.0,28951
2026-09-02 13:40:00+09:00,250500.0,250500.0,250000.0,250250.0,21784
2026-09-02 13:41:00+09:00,250250.0,250500.0,250000.0,250250.0,18718
2026-09-02 13:42:00+09:00,250500.0,250500.0,250000.0,250250.0,47691
2026-09-02 13:43:00+09:00,250500.0,251000.0,250000.0,250500.0,57478
2026-09-02 13:44:00+09:00,250500.0,251000.0,250500.0,250500.0,34102
2026-09-02 13:45:00+09:00,250500.0,251000.0,250500.0,250500.0,24731
2026-09-02 13:46:00+09:00,250500.0,251000.0,250500.0,250500.0,19187
2026-09-02 13:47:00+09:00,250500.0,251000.0,250500.0,250500.0,19081
2026-09-02 13:48:00+09:00,250500.0,251000.0,250500.0,250750.0,23447
2026-09-02 13:49:00+09:00,250250.0,250750.0,250000.0,250500.0,48799
2026-09-02 13:50:00+09:00,250500.0,250500.0,250000.0,250250.0,25360
2026-09-02 13:51:00+09:00,250250.0,250500.0,250000.0,250250.0,22801
2026-09-02 13:52:00+09:00,250250.0,250500.0,250000.0,250250.0,24774
2026-09-02 13:53:00+09:00,250250.0,250250.0,250000.0,250250.0,20845
2026-09-02 13:54:00+09:00,250000.0,250250.0,250000.0,250250.0,24830
2026-09-02 13:55:00+09:00,250500.0,250500.0,250000.0,250000.0,30015
2026-09-02 13:56:00+09:00,250250.0,250500.0,250000.0,250000.0,29944
2026-09-02 13:57:00+09:00,250000.0,250250.0,250000.0,250000.0,23746
2026-09-02 13:58:00+09:00,250000.0,250500.0,250000.0,250000.0,22925
2026-09-02 13:59:00+09:00,250000.0,250500.0,250000.0,250000.0,31109
2026-09-02 14:00:00+09:00,250250.0,250250.0,250000.0,250000.0,38262
2026-09-02 14:01:00+09:00,250250.0,250500.0,250000.0,250000.0,22275
2026-09-02 14:02:00+09:00,250000.0,250250.0,250000.0,250000.0,22618
2026-09-02 14:03:00+09:00,250000.0,250250.0,249500.0,250000.0,232432
2026-09-02 14:04:00+09:00,250250.0,250500.0,249500.0,250000.0,77802
2026-09-02 14:05:00+09:00,250750.0,251000.0,250000.0,250250.0,73962
2026-09-02 14:06:00+09:00,250750.0,251000.0,250500.0,250750.0,17039
2026-09-02 14:07:00+09:00,250500.0,251000.0,250500.0,250750.0,30306
2026-09-02 14:08:00+09:00,250500.0,251000.0,250500.0,250500.0,23513
2026-09-02 14:09:00+09:00,250500.0,250750.0,250000.0,250750.0,39127
2026-09-02 14:10:00+09:00,251500.0,251500.0,250250.0,250250.0,87430
2026-09-02 14:11:00+09:00,251500.0,252000.0,251250.0,251250.0,84173
2026-09-02 14:12:00+09:00,251000.0,252000.0,251000.0,251750.0,118302
2026-09-02 14:13:00+09:00,251500.0,251500.0,251000.0,251250.0,21024
2026-09-02 14:14:00+09:00,251250.0,251500.0,251000.0,251000.0,18937
2026-09-02 14:15:00+09:00,251000.0,251500.0,251000.0,251250.0,20826
2026-09-02 14:16:00+09:00,251250.0,251500.0,251000.0,251000.0,28652
2026-09-02 14:17:00+09:00,252000.0,252500.0,251000.0,251250.0,133364
2026-09-02 14:18:00+09:00,252250.0,252500.0,252000.0,252000.0,33254
2026-09-02 14:19:00+09:00,252250.0,252500.0,252000.0,252250.0,33553
2026-09-02 14:20:00+09:00,252000.0,252500.0,252000.0,252000.0,69029
2026-09-02 14:21:00+09:00,251500.0,252500.0,251500.0,252250.0,83535
2026-09-02 14:22:00+09:00,251500.0,252000.0,251500.0,251500.0,21132
2026-09-02 14:23:00+09:00,252250.0,252250.0,251500.0,252000.0,37456
2026-09-02 14:24:00+09:00,252250.0,252500.0,252000.0,252250.0,20080
2026-09-02 14:25:00+09:00,252500.0,253000.0,252000.0,252000.0,69588
2026-09-02 14:26:00+09:00,252500.0,253000.0,252500.0,252500.0,28479
2026-09-02 14:27:00+09:00,252250.0,253000.0,252000.0,252750.0,94180
2026-09-02 14:28:00+09:00,252500.0,253000.0,252000.0,252250.0,47540
2026-09-02 14:29:00+09:00,252500.0,253000.0,252500.0,252500.0,12641
2026-09-02 14:30:00+09:00,252500.0,253000.0,252500.0,252500.0,93886
2026-09-02 14:31:00+09:00,252500.0,253000.0,252500.0,252750.0,31482
2026-09-02 14:32:00+09:00,252250.0,253000.0,252000.0,253000.0,51320
2026-09-02 14:33:00+09:00,252250.0,252500.0,251500.0,252500.0,44237
2026-09-02 14:34:00+09:00,252000.0,252500.0,251500.0,252000.0,23525
2026-09-02 14:35:00+09:00,251750.0,252000.0,251500.0,251750.0,33565
2026-09-02 14:36:00+09:00,251500.0,252000.0,251500.0,251500.0,50559
2026-09-02 14:37:00+09:00,251500.0,252000.0,251000.0,251500.0,35992
2026-09-02 14:38:00+09:00,251500.0,252000.0,251000.0,251500.0,39384
2026-09-02 14:39:00+09:00,251500.0,252000.0,251500.0,251500.0,26774
2026-09-02 14:40:00+09:00,252000.0,252500.0,251500.0,251500.0,36660
2026-09-02 14:41:00+09:00,252000.0,252500.0,251500.0,252500.0,27005
2026-09-02 14:42:00+09:00,252000.0,252500.0,251750.0,251750.0,28168
2026-09-02 14:43:00+09:00,252250.0,252500.0,251500.0,252000.0,89852
2026-09-02 14:44:00+09:00,252250.0,253000.0,252000.0,252250.0,63500
2026-09-02 14:45:00+09:00,252250.0,252500.0,252000.0,252250.0,20349
2026-09-02 14:46:00+09:00,252000.0,252500.0,252000.0,252000.0,29314
2026-09-02 14:47:00+09:00,252000.0,252500.0,251500.0,252000.0,47722
2026-09-02 14:48:00+09:00,252250.0,252500.0,251500.0,252000.0,46311
2026-09-02 14:49:00+09:00,252250.0,252500.0,252000.0,252250.0,9828
2026-09-02 14:50:00+09:00,252000.0,252250.0,251750.0,252250.0,26397
2026-09-02 14:51:00+09:00,251750.0,252000.0,251750.0,252000.0,11752
2026-09-02 14:52:00+09:00,251500.0,252000.0,251500.0,251750.0,12944
2026-09-02 14:53:00+09:00,251500.0,251750.0,251500.0,251500.0,11038
2026-09-02 14:54:00+09:00,251750.0,252000.0,251000.0,251750.0,80324
2026-09-02 14:55:00+09:00,251750.0,252000.0,251000.0,251500.0,31104
2026-09-02 14:56:00+09:00,251000.0,252000.0,251000.0,251500.0,25707
2026-09-02 14:57:00+09:00,251250.0,251500.0,251000.0,251000.0,20881
2026-09-02 14:58:00+09:00,251000.0,251500.0,251000.0,251250.0,18799
2026-09-02 14:59:00+09:00,251000.0,251500.0,250500.0,251000.0,79333
